id,email,encrypted_password,reset_password_token,reset_password_sent_at,remember_created_at,first_name,last_name,account_type,organization,deals_count,tasks_count,endorsement_assignments_count,created_at,updated_at,username
1,montgomeryscott@gmail.com,password,,,,James,West,Brand,Oakley,,,,2025-07-20 07:18:12 UTC,2025-08-21 20:33:11 UTC,@adamhanson
2,singhjoel@gmail.com,password,,,,Amanda,Murphy,Brand,Skechers,,,,2025-05-05 23:59:50 UTC,2025-12-13 00:43:06 UTC,@armstrongmark
3,valerie16@durham-pace.biz,password,,,,Barbara,Hill,Brand,Champion,,,,2025-12-14 02:29:23 UTC,2025-12-15 17:18:41 UTC,@allenjoseph
4,apollard@johnson.com,password,,,,Steven,Stokes,Brand,Reebok,,,,2025-04-13 07:27:48 UTC,2025-09-29 23:19:31 UTC,@ayalarichard
5,virginiawood@gmail.com,password,,,,Carl,Camacho,Brand,Under Armour,,,,2025-01-24 17:53:29 UTC,2025-09-04 05:02:18 UTC,@owensmary
6,ingrammiranda@wall.info,password,,,,Eric,Bradley,Brand,North Face,,,,2025-07-19 22:08:46 UTC,2025-09-30 12:05:08 UTC,@williamsnathaniel
7,robert91@lee.info,password,,,,Alex,Butler,Brand,Skechers,,,,2025-03-21 22:52:32 UTC,2025-05-25 23:28:49 UTC,@caitlynsmith
8,grodriguez@hall.com,password,,,,Rebecca,Carrillo,Brand,Adidas,,,,2025-03-30 01:32:09 UTC,2025-09-09 23:39:40 UTC,@sherri51
9,louischapman@gmail.com,password,,,,Gina,Daniels,Brand,Reebok,,,,2025-09-29 17:01:11 UTC,2025-11-25 00:24:01 UTC,@rileysarah
10,lhernandez@yahoo.com,password,,,,Darlene,Bailey,Brand,Puma,,,,2025-02-01 13:00:01 UTC,2025-10-18 02:58:18 UTC,@norrisheather
11,john96@yahoo.com,password,,,,Deborah,Flores,Brand,New Balance,,,,2025-10-18 21:51:16 UTC,2025-12-10 18:37:00 UTC,@chandlersarah
12,erinlee@gmail.com,password,,,,Meghan,Tate,Brand,North Face,,,,2025-11-04 21:26:05 UTC,2025-11-13 20:35:38 UTC,@xsmith
13,paulrios@michael-thompson.com,password,,,,Melanie,Campbell,Brand,Hydro Flask,,,,2025-05-27 06:14:21 UTC,2025-11-07 06:10:48 UTC,@beckyglenn
14,operry@hotmail.com,password,,,,Megan,Drake,Brand,Crocs,,,,2025-10-25 19:37:43 UTC,2025-12-17 05:00:12 UTC,@bergerluis
15,ahinton@yahoo.com,password,,,,Richard,Sanders,Brand,Gatorade,,,,2025-12-02 20:56:25 UTC,2025-12-06 08:15:48 UTC,@wilsonluke
16,kevin71@andrews.com,password,,,,Phillip,Smith,Brand,Oakley,,,,2025-06-05 15:48:57 UTC,2025-11-11 15:54:55 UTC,@larrydaniel
17,bryce03@yahoo.com,password,,,,Victoria,Johnson,Brand,Vans,,,,2025-04-15 19:03:28 UTC,2025-09-09 02:27:01 UTC,@mallory33
18,kimberly13@jones-vasquez.com,password,,,,Katelyn,Wiggins,Brand,Lululemon,,,,2025-11-07 18:45:11 UTC,2025-11-27 22:18:00 UTC,@psampson
19,ptaylor@hotmail.com,password,,,,Adrian,Gallagher,Brand,Oakley,,,,2025-07-05 13:54:57 UTC,2025-10-08 12:03:49 UTC,@vanessarandolph
20,freyalexandra@munoz.biz,password,,,,Jasmine,James,Brand,Puma,,,,2025-04-18 11:22:48 UTC,2025-04-23 13:30:54 UTC,@cochranbrian
21,kyle22@hotmail.com,password,,,,Anthony,Fuller,Brand,Under Armour,,,,2025-11-15 18:20:09 UTC,2025-12-31 17:33:11 UTC,@carteraustin
22,ocoffey@butler.com,password,,,,Thomas,Morse,Brand,Oakley,,,,2025-02-26 15:05:45 UTC,2025-08-19 13:56:58 UTC,@batesdawn
23,schmittthomas@mejia-baker.biz,password,,,,Larry,Miller,Brand,Beats by Dre,,,,2025-06-24 12:09:51 UTC,2025-12-24 00:49:41 UTC,@bhartman
24,lisapineda@hotmail.com,password,,,,Lisa,Cisneros,Brand,Reebok,,,,2025-03-17 11:22:42 UTC,2025-09-07 14:26:22 UTC,@shernandez
25,khernandez@brooks-carroll.com,password,,,,Allen,Park,Brand,North Face,,,,2025-06-25 23:15:17 UTC,2025-09-05 22:27:05 UTC,@ajohnson
26,stephanie88@hotmail.com,password,,,,Christopher,Gomez,Brand,Converse,,,,2025-03-19 15:01:21 UTC,2025-10-08 23:03:33 UTC,@levineantonio
27,mcampos@jones.biz,password,,,,Anthony,Reilly,Brand,Drip Drop,,,,2025-02-23 08:22:10 UTC,2025-07-12 00:40:34 UTC,@gjenkins
28,dianelang@yahoo.com,password,,,,Kimberly,Flynn,Brand,Gatorade,,,,2025-05-26 05:02:24 UTC,2025-08-05 06:45:37 UTC,@jonesamy
29,zhall@yahoo.com,password,,,,David,Hess,Brand,Lululemon,,,,2025-05-03 13:10:20 UTC,2025-07-29 13:09:31 UTC,@olevy
30,cheryl12@hotmail.com,password,,,,Kelly,Robinson,Brand,Under Armour,,,,2025-12-22 16:25:49 UTC,2025-12-24 02:23:16 UTC,@jamielopez
31,josephking@potter.org,password,,,,Lauren,Bates,Brand,Gatorade,,,,2025-09-07 07:52:38 UTC,2025-10-07 20:01:06 UTC,@pwright
32,simstimothy@yahoo.com,password,,,,Isaac,Johnson,Brand,Adidas,,,,2025-02-24 09:33:45 UTC,2025-11-04 02:36:34 UTC,@odawson
33,psmith@kennedy.net,password,,,,Kimberly,Barker,Brand,Converse,,,,2025-08-04 13:13:54 UTC,2025-12-22 19:59:01 UTC,@wbowman
34,johnsontyler@gmail.com,password,,,,Kristina,Wilson,Brand,Adidas,,,,2025-03-02 04:35:07 UTC,2025-09-25 14:29:38 UTC,@qanderson
35,farleymark@taylor-banks.com,password,,,,William,Hampton,Brand,Adidas,,,,2025-10-06 21:33:08 UTC,2025-11-14 16:33:01 UTC,@landrews
36,garciathomas@hotmail.com,password,,,,Jason,Christensen,Brand,Hydro Flask,,,,2025-12-27 17:13:15 UTC,2025-12-30 02:10:22 UTC,@combsnicholas
37,paula75@sanders-webb.com,password,,,,Ryan,Spencer,Brand,Reebok,,,,2025-05-21 09:51:47 UTC,2025-12-22 21:51:13 UTC,@julie32
38,tanya75@meadows-evans.com,password,,,,Victoria,Murphy,Brand,Hydro Flask,,,,2025-05-13 07:54:32 UTC,2025-06-08 18:31:11 UTC,@michaelreid
39,bellgeorge@miller.com,password,,,,Jordan,Reed,Brand,Puma,,,,2025-07-24 12:20:12 UTC,2025-11-21 15:48:27 UTC,@nancycraig
40,kristiedavis@smith-perez.com,password,,,,Jenna,Gilmore,Brand,Adidas,,,,2025-10-14 08:51:44 UTC,2025-11-06 01:31:19 UTC,@samantha56
41,lacey31@yahoo.com,password,,,,Kyle,Barrett,Brand,Red Bull,,,,2025-10-25 13:06:47 UTC,2025-11-29 14:25:20 UTC,@adamvelasquez
42,emily22@gmail.com,password,,,,Julie,Romero,Brand,Gatorade,,,,2025-01-04 13:23:48 UTC,2025-08-20 23:48:01 UTC,@moorerichard
43,lbates@james-thompson.net,password,,,,Michael,Gilbert,Brand,Skechers,,,,2025-06-09 22:51:28 UTC,2025-09-03 05:22:18 UTC,@jennifersantana
44,patricia68@yahoo.com,password,,,,Jorge,Glover,Brand,Lululemon,,,,2025-10-24 10:48:12 UTC,2025-11-14 11:45:19 UTC,@ortizjustin
45,phendricks@gmail.com,password,,,,Sonia,Brady,Brand,New Balance,,,,2025-08-16 04:22:51 UTC,2025-12-07 03:43:40 UTC,@mstevenson
46,jared38@yahoo.com,password,,,,Debra,Young,Brand,Vans,,,,2025-02-12 01:17:03 UTC,2025-10-09 17:11:20 UTC,@larry78
47,wvaughan@gmail.com,password,,,,Aaron,Anderson,Brand,Beats by Dre,,,,2025-05-22 04:39:23 UTC,2025-10-21 22:03:54 UTC,@ortegaclayton
48,clarson@hotmail.com,password,,,,Stacey,Waller,Brand,New Balance,,,,2025-02-14 23:36:17 UTC,2025-08-15 14:40:58 UTC,@christopher43
49,aross@yahoo.com,password,,,,Michael,Reilly,Brand,Crocs,,,,2025-06-08 18:04:22 UTC,2025-10-09 10:29:47 UTC,@snguyen
50,tarabrown@green-smith.info,password,,,,Robert,Kim,Brand,Patagonia,,,,2025-10-18 11:15:16 UTC,2025-10-29 15:25:57 UTC,@troytaylor
51,grace55@miller-horn.com,password,,,,Walter,Day,Brand,Under Armour,,,,2025-02-08 08:57:59 UTC,2025-09-15 01:01:52 UTC,@jontaylor
52,halltammy@hoffman.com,password,,,,Christina,Cobb,Brand,Adidas,,,,2025-10-30 16:56:34 UTC,2025-12-24 16:20:54 UTC,@jonesjenny
53,ortegachristina@huber.com,password,,,,Carla,Price,Brand,Lululemon,,,,2025-10-05 06:29:25 UTC,2025-10-25 06:24:30 UTC,@itucker
54,hornshannon@hotmail.com,password,,,,Renee,Stevens,Brand,Oakley,,,,2025-10-15 12:02:59 UTC,2025-11-07 00:15:58 UTC,@andrea42
55,meyerscurtis@hotmail.com,password,,,,Denise,Perez,Brand,Hydro Flask,,,,2025-05-05 17:30:26 UTC,2025-08-14 23:40:29 UTC,@crawfordamanda
56,william99@hotmail.com,password,,,,Steve,Flores,Brand,Under Armour,,,,2025-07-07 05:48:05 UTC,2025-11-01 09:19:44 UTC,@jeffrey08
57,hodgefrancisco@yahoo.com,password,,,,Derek,Nichols,Brand,Gatorade,,,,2025-06-20 01:21:37 UTC,2025-12-14 05:31:53 UTC,@qcortez
58,thomasjones@ramirez-williams.net,password,,,,Mark,Perry,Brand,Converse,,,,2025-06-09 09:59:26 UTC,2025-07-25 07:18:02 UTC,@katie94
59,yolandaking@acosta.info,password,,,,Scott,Crawford,Brand,Red Bull,,,,2025-07-21 17:11:31 UTC,2025-12-11 17:54:58 UTC,@snyderdavid
60,trujillorobert@gray.com,password,,,,Walter,Roberts,Brand,North Face,,,,2025-11-20 14:33:49 UTC,2025-12-27 18:38:45 UTC,@christinasullivan
61,pearsondavid@reynolds.com,password,,,,Corey,Cain,Brand,Converse,,,,2025-07-09 19:39:00 UTC,2025-11-29 09:33:20 UTC,@fbyrd
62,mbrown@hotmail.com,password,,,,David,Williams,Brand,Converse,,,,2025-06-01 02:54:04 UTC,2025-09-24 11:06:27 UTC,@michaellee
63,dustin12@wilson-li.com,password,,,,Michelle,Day,Brand,Converse,,,,2025-08-31 00:45:16 UTC,2025-10-01 01:24:40 UTC,@hilllydia
64,xedwards@gmail.com,password,,,,Susan,Robertson,Brand,Under Armour,,,,2025-01-12 12:12:28 UTC,2025-08-17 17:24:29 UTC,@angelalopez
65,earlhorne@hotmail.com,password,,,,Brian,Bass,Brand,Converse,,,,2025-01-21 03:44:55 UTC,2025-03-13 14:58:10 UTC,@patrickschneider
66,angela02@gmail.com,password,,,,Nicole,Fleming,Brand,New Balance,,,,2025-06-07 05:06:09 UTC,2025-09-25 14:21:52 UTC,@lanestephen
67,rubionancy@hotmail.com,password,,,,Bradley,Perry,Brand,Reebok,,,,2025-05-13 15:14:38 UTC,2025-08-30 12:17:39 UTC,@davidgrant
68,amybryant@castro-clayton.org,password,,,,Mark,Larson,Brand,Champion,,,,2025-06-09 21:01:18 UTC,2025-10-12 12:55:46 UTC,@michaelstephens
69,stephenspears@yahoo.com,password,,,,Caroline,Sanders,Brand,Beats by Dre,,,,2025-12-27 22:53:12 UTC,2025-12-29 15:26:26 UTC,@randyyoung
70,brownkristy@yahoo.com,password,,,,Dakota,Peterson,Brand,Converse,,,,2025-03-10 03:32:52 UTC,2025-12-24 10:10:31 UTC,@fowlerchristine
71,christopherhill@herrera.com,password,,,,Devon,Sanders,Brand,Gatorade,,,,2025-05-09 10:14:48 UTC,2025-07-19 14:06:32 UTC,@reynoldstaylor
72,abigailgregory@montgomery-tate.com,password,,,,Jonathan,Johnson,Brand,Patagonia,,,,2025-02-27 00:09:21 UTC,2025-06-08 02:32:19 UTC,@shawn01
73,cody85@myers-scott.biz,password,,,,James,Elliott,Brand,Skechers,,,,2025-12-19 11:34:36 UTC,2025-12-28 13:12:51 UTC,@ztaylor
74,alisha49@gmail.com,password,,,,Paul,Mcmahon,Brand,North Face,,,,2025-11-05 23:43:30 UTC,2025-12-08 15:17:16 UTC,@hickmantina
75,thomas31@gardner-mcdaniel.net,password,,,,Duane,Montes,Brand,Under Armour,,,,2025-03-29 09:21:23 UTC,2025-07-07 17:47:34 UTC,@jessica07
76,kimberlyreid@hotmail.com,password,,,,Jeffery,Shaffer,Brand,Drip Drop,,,,2025-06-10 06:33:03 UTC,2025-06-20 08:27:31 UTC,@melindajohnson
77,jasonmorrison@gmail.com,password,,,,Laura,Brown,Brand,Lululemon,,,,2025-04-11 03:26:56 UTC,2025-05-07 21:28:37 UTC,@jacksontimothy
78,lwilson@gmail.com,password,,,,Angel,Franklin,Brand,Adidas,,,,2025-06-06 07:09:18 UTC,2025-10-14 20:07:27 UTC,@whitekathleen
79,loveluke@hotmail.com,password,,,,Jennifer,Sandoval,Brand,Oakley,,,,2025-03-23 08:45:29 UTC,2025-12-07 04:59:02 UTC,@lisa49
80,nfaulkner@hotmail.com,password,,,,Ryan,Cook,Brand,Skechers,,,,2025-03-27 16:31:45 UTC,2025-10-10 23:51:46 UTC,@pdavis
81,daniellepayne@barr.net,password,,,,Gregg,Johnson,Brand,Nike,,,,2025-09-29 22:29:47 UTC,2025-12-19 14:03:10 UTC,@jasminetyler
82,christopher72@yahoo.com,password,,,,Kelsey,Davis,Brand,Skechers,,,,2025-12-31 17:56:35 UTC,2026-01-01 08:45:41 UTC,@carloshunt
83,peter38@miller.org,password,,,,Kim,Moore,Brand,Drip Drop,,,,2025-09-21 18:29:23 UTC,2025-12-18 21:17:19 UTC,@marylopez
84,ashleyfranklin@harper.com,password,,,,Robert,Harrell,Brand,Hydro Flask,,,,2025-10-22 06:09:51 UTC,2025-12-03 04:47:19 UTC,@karenreeves
85,rachael67@gmail.com,password,,,,Tiffany,Scott,Brand,Hydro Flask,,,,2025-11-10 14:58:51 UTC,2025-12-05 14:18:19 UTC,@juliawalsh
86,john76@hotmail.com,password,,,,Lisa,Smith,Brand,Drip Drop,,,,2025-08-05 15:11:12 UTC,2025-10-19 22:42:43 UTC,@williamdavis
87,jesus24@rogers.org,password,,,,Christopher,Jones,Brand,Puma,,,,2025-07-28 21:18:08 UTC,2025-11-13 15:31:50 UTC,@casejason
88,elizabeth19@acosta.org,password,,,,Paul,Owens,Brand,Beats by Dre,,,,2025-08-24 03:07:24 UTC,2025-08-28 00:41:16 UTC,@sweeneymonica
89,qmathis@fleming-robles.com,password,,,,Danny,Norton,Brand,Vans,,,,2025-09-27 01:18:06 UTC,2025-11-08 13:33:49 UTC,@thomasjaime
90,zgallagher@gonzalez.org,password,,,,Dustin,Manning,Brand,Patagonia,,,,2025-09-05 23:04:43 UTC,2025-12-07 19:59:23 UTC,@jamesmcbride
91,youngtaylor@fitzgerald.com,password,,,,Laura,Jackson,Brand,Converse,,,,2025-10-22 19:18:09 UTC,2025-11-01 21:31:34 UTC,@jordan94
92,shirleywhite@gmail.com,password,,,,Shannon,Snyder,Brand,Adidas,,,,2025-12-26 10:45:42 UTC,2025-12-28 20:42:28 UTC,@davidwood
93,adamseric@jones-holder.info,password,,,,Erin,Johnson,Brand,Beats by Dre,,,,2025-12-08 03:11:23 UTC,2025-12-12 23:59:19 UTC,@rkelly
94,jessicamiller@moore.info,password,,,,David,Harper,Brand,Red Bull,,,,2025-01-18 11:02:51 UTC,2025-08-30 20:22:22 UTC,@jtorres
95,fgraham@hotmail.com,password,,,,Autumn,Sherman,Brand,Adidas,,,,2025-09-19 22:08:45 UTC,2025-09-24 22:50:01 UTC,@jeannealvarez
96,nealcarolyn@jackson.info,password,,,,Eric,Sanders,Brand,Gatorade,,,,2025-12-08 08:30:49 UTC,2025-12-11 23:59:04 UTC,@griffithjesse
97,howellhaley@thompson.biz,password,,,,Jim,Thompson,Brand,Gatorade,,,,2025-12-28 21:34:39 UTC,2025-12-31 00:21:50 UTC,@jamesfox
98,powersrobert@gmail.com,password,,,,Stacey,Nguyen,Brand,Red Bull,,,,2025-04-28 17:13:30 UTC,2025-11-15 13:51:01 UTC,@ndodson
99,millerrachel@medina.com,password,,,,Barry,Smith,Brand,Adidas,,,,2025-09-25 08:07:19 UTC,2025-12-01 00:58:34 UTC,@zterry
100,rileybishop@gmail.com,password,,,,Robert,Turner,Brand,Hydro Flask,,,,2025-08-23 21:57:56 UTC,2025-11-28 07:04:01 UTC,@charles21
101,stacygray@gmail.com,password,,,,Rebecca,Robinson,Athlete,University of Alabama,,,,2025-02-27 11:07:33 UTC,2025-11-04 05:28:44 UTC,@nicholaslewis
102,jacobwhite@yahoo.com,password,,,,William,Franklin,Athlete,University of Miami,,,,2025-12-31 02:08:55 UTC,2026-01-01 10:03:37 UTC,@calderoncody
103,lsmith@koch-wang.com,password,,,,Alicia,Clark,Athlete,Clemson University,,,,2025-08-21 21:23:38 UTC,2025-09-24 11:26:56 UTC,@ehunt
104,simmonsnathan@perez.info,password,,,,Lisa,Decker,Athlete,University of Florida,,,,2025-10-14 00:07:01 UTC,2025-12-18 09:07:18 UTC,@deborah20
105,kennethnguyen@patton-martin.com,password,,,,Ryan,Harvey,Athlete,University of Georgia,,,,2025-10-24 13:19:18 UTC,2025-10-28 18:06:39 UTC,@pelliott
106,douglasmontoya@gmail.com,password,,,,Jimmy,Smith,Athlete,Ohio State University,,,,2025-09-26 03:51:19 UTC,2025-10-25 09:50:53 UTC,@james89
107,bryanbaker@gmail.com,password,,,,Melissa,Pineda,Athlete,Clemson University,,,,2025-07-10 07:31:25 UTC,2025-07-29 22:25:09 UTC,@greentimothy
108,tarasmith@hotmail.com,password,,,,Sara,Hill,Athlete,University of Michigan,,,,2025-12-31 05:14:15 UTC,2025-12-31 22:22:28 UTC,@jenna08
109,jacksonjerry@yahoo.com,password,,,,April,Hall,Athlete,University of Southern California,,,,2025-07-30 10:53:25 UTC,2025-10-29 16:37:34 UTC,@ufrank
110,dianacarter@gmail.com,password,,,,Anthony,Patrick,Athlete,University of Oregon,,,,2025-05-22 10:48:43 UTC,2025-11-19 01:15:59 UTC,@phayes
111,hernandezglenn@hotmail.com,password,,,,Brenda,Sullivan,Athlete,Louisiana State University,,,,2025-05-03 08:51:48 UTC,2025-10-31 16:06:34 UTC,@johnvalencia
112,petersonnicole@gmail.com,password,,,,Karen,Rhodes,Athlete,Clemson University,,,,2025-12-03 22:49:45 UTC,2025-12-09 13:34:17 UTC,@jennifer09
113,seth73@brooks.biz,password,,,,Cory,Henderson,Athlete,University of Texas,,,,2025-04-16 06:08:16 UTC,2025-05-08 17:42:57 UTC,@carsondustin
114,andrewmejia@yahoo.com,password,,,,Teresa,Knight,Athlete,University of Miami,,,,2025-06-24 22:01:00 UTC,2025-12-16 23:16:55 UTC,@joseph20
115,nsanchez@ballard-wallace.com,password,,,,Julia,Baker,Athlete,University of Texas,,,,2025-04-07 17:44:23 UTC,2025-06-17 17:16:06 UTC,@duncanashley
116,murraymark@hotmail.com,password,,,,Patrick,Johnson,Athlete,University of Florida,,,,2025-12-28 06:01:53 UTC,2025-12-29 19:29:02 UTC,@colemanwilliam
117,smithjustin@bentley.com,password,,,,Sheri,Sutton,Athlete,Penn State University,,,,2025-08-05 08:17:59 UTC,2025-12-19 12:57:37 UTC,@pmontgomery
118,tyler69@hotmail.com,password,,,,Danielle,Espinoza,Athlete,University of Washington,,,,2025-04-03 17:33:44 UTC,2025-12-29 15:58:21 UTC,@joneskatrina
119,pbridges@gmail.com,password,,,,Sean,Ross,Athlete,Florida State University,,,,2025-03-15 00:45:18 UTC,2025-04-05 15:24:17 UTC,@christine40
120,kendra55@yahoo.com,password,,,,Michael,Dunn,Athlete,University of Alabama,,,,2025-02-01 07:22:16 UTC,2025-11-20 21:17:29 UTC,@twhite
121,kenneth39@hotmail.com,password,,,,Timothy,Blankenship,Athlete,University of Michigan,,,,2025-09-02 00:08:16 UTC,2025-12-11 14:49:11 UTC,@hodgesadam
122,amandacole@munoz.com,password,,,,Aimee,Medina,Athlete,University of Georgia,,,,2025-10-04 04:31:06 UTC,2025-11-07 21:22:58 UTC,@april52
123,john17@gmail.com,password,,,,Deborah,Macdonald,Athlete,University of Florida,,,,2025-06-11 17:36:32 UTC,2025-06-26 11:15:45 UTC,@vanessa05
124,cuevasgary@hotmail.com,password,,,,Christopher,Pierce,Athlete,University of Alabama,,,,2025-12-26 04:56:43 UTC,2025-12-29 21:33:31 UTC,@simmonsjackson
125,anguyen@stewart.net,password,,,,Richard,Davis,Athlete,Louisiana State University,,,,2025-12-04 02:12:28 UTC,2025-12-07 09:24:20 UTC,@louishenry
126,gnunez@yahoo.com,password,,,,Ryan,Hayes,Athlete,University of Southern California,,,,2025-12-09 00:02:02 UTC,2025-12-12 15:06:06 UTC,@joseph29
127,charleswhite@mcconnell-harris.com,password,,,,Jill,Price,Athlete,University of Washington,,,,2025-05-20 07:32:53 UTC,2025-06-19 19:50:01 UTC,@frankgibbs
128,danielrocha@mcdonald-hicks.info,password,,,,Ashley,Henderson,Athlete,University of Michigan,,,,2025-06-21 17:24:27 UTC,2025-11-12 07:41:02 UTC,@mcowan
129,lopeztracy@yahoo.com,password,,,,Anthony,Moore,Athlete,University of Georgia,,,,2025-04-09 08:24:00 UTC,2025-10-27 10:58:48 UTC,@hwilkins
130,nblack@yahoo.com,password,,,,Heidi,Phillips,Athlete,Penn State University,,,,2025-09-06 00:37:33 UTC,2025-11-02 07:48:20 UTC,@bosborn
131,lawrencewilliam@gmail.com,password,,,,Brian,Castaneda,Athlete,University of Florida,,,,2025-04-11 08:15:12 UTC,2025-09-18 06:25:23 UTC,@watkinsashley
132,nicoleyoung@flores-green.com,password,,,,Cheryl,Clarke,Athlete,University of Georgia,,,,2025-03-27 03:20:01 UTC,2025-12-02 01:06:34 UTC,@cameron39
133,richardjones@hotmail.com,password,,,,Kevin,Morris,Athlete,Clemson University,,,,2025-07-20 06:19:18 UTC,2025-07-28 08:34:41 UTC,@schmidtanthony
134,cmcdonald@yahoo.com,password,,,,Brandon,Taylor,Athlete,Ohio State University,,,,2025-02-20 18:01:25 UTC,2025-12-23 21:29:24 UTC,@lisawilson
135,awalton@cardenas.org,password,,,,Alyssa,Nichols,Athlete,Ohio State University,,,,2025-04-15 14:17:16 UTC,2025-09-28 00:16:30 UTC,@etaylor
136,courtneysilva@benitez.info,password,,,,Anthony,Ford,Athlete,University of Florida,,,,2025-11-07 23:03:18 UTC,2025-12-11 20:21:11 UTC,@fullerabigail
137,laurarivera@yahoo.com,password,,,,Michael,Leon,Athlete,University of Washington,,,,2025-12-14 17:21:02 UTC,2025-12-26 16:50:13 UTC,@jperry
138,uflores@guerrero.info,password,,,,Cynthia,Hayes,Athlete,Ohio State University,,,,2025-12-04 12:24:04 UTC,2025-12-29 21:50:45 UTC,@hernandezrichard
139,brittany05@garcia.net,password,,,,Michael,Crane,Athlete,University of Florida,,,,2025-05-19 02:11:08 UTC,2025-11-04 03:24:43 UTC,@brady86
140,caitlin61@hotmail.com,password,,,,Clinton,Moore,Athlete,Clemson University,,,,2025-06-28 00:11:53 UTC,2025-10-27 20:48:10 UTC,@michelle56
141,pwilson@jones.com,password,,,,Laura,Conley,Athlete,Louisiana State University,,,,2025-04-06 08:53:32 UTC,2025-07-11 03:24:01 UTC,@robertroberts
142,catherine06@rodriguez-allison.com,password,,,,Erik,Miller,Athlete,Florida State University,,,,2025-11-02 22:23:34 UTC,2025-11-14 08:24:44 UTC,@joesnyder
143,scampbell@yahoo.com,password,,,,Andrew,Miller,Athlete,University of Miami,,,,2025-08-13 16:44:19 UTC,2025-09-19 00:36:43 UTC,@elizabeth94
144,craigtammy@hotmail.com,password,,,,Jeffrey,Mitchell,Athlete,University of Texas,,,,2025-04-06 04:30:17 UTC,2025-07-29 09:35:11 UTC,@brooke07
145,manuelmanning@yahoo.com,password,,,,Erika,Mccoy,Athlete,Ohio State University,,,,2025-05-19 16:21:28 UTC,2025-09-18 04:55:35 UTC,@sarah47
146,robert10@gmail.com,password,,,,Larry,Shepard,Athlete,University of Miami,,,,2025-01-05 05:14:20 UTC,2025-04-16 18:00:16 UTC,@christinethomas
147,tuckermatthew@richardson.com,password,,,,Austin,Johnson,Athlete,University of Oregon,,,,2025-05-07 01:34:51 UTC,2025-12-28 02:15:28 UTC,@jeff82
148,zochoa@hotmail.com,password,,,,Diane,Hernandez,Athlete,University of Texas,,,,2025-04-06 20:54:27 UTC,2025-04-26 12:52:18 UTC,@edwardlarsen
149,calderondaniel@yahoo.com,password,,,,Ricky,Roberts,Athlete,University of Texas,,,,2025-07-03 21:09:09 UTC,2025-08-01 19:59:22 UTC,@douglaskeller
150,nicholas41@edwards.com,password,,,,Jason,Martinez,Athlete,University of Miami,,,,2025-07-12 09:50:41 UTC,2025-10-04 00:28:00 UTC,@rmiller
151,ywang@lewis.com,password,,,,Gina,Rivera,Athlete,Louisiana State University,,,,2025-07-12 12:49:26 UTC,2025-10-02 19:51:21 UTC,@pnavarro
152,howeandrea@hotmail.com,password,,,,Jake,Cruz,Athlete,University of Georgia,,,,2025-06-05 17:48:40 UTC,2025-12-08 00:58:24 UTC,@randallwilliams
153,steven06@yahoo.com,password,,,,Scott,Hughes,Athlete,University of Florida,,,,2025-01-23 10:08:42 UTC,2025-07-25 15:50:20 UTC,@bbarnes
154,davidjohns@gmail.com,password,,,,Morgan,Jones,Athlete,University of Southern California,,,,2025-10-26 17:15:31 UTC,2025-12-05 07:12:38 UTC,@kellyjessica
155,hoffmanlarry@allen-chambers.com,password,,,,Catherine,Cox,Athlete,University of Michigan,,,,2025-01-13 05:27:53 UTC,2025-10-22 15:24:53 UTC,@villajon
156,martinezphilip@yahoo.com,password,,,,Zachary,Ramirez,Athlete,University of Alabama,,,,2025-07-27 11:04:31 UTC,2025-10-03 11:45:35 UTC,@fclark
157,zdonovan@gmail.com,password,,,,Michael,Bautista,Athlete,University of Oregon,,,,2025-06-27 03:58:23 UTC,2025-11-19 17:19:56 UTC,@melissa13
158,ian94@gonzalez.com,password,,,,Christopher,Benson,Athlete,University of Miami,,,,2025-06-25 18:53:07 UTC,2025-12-24 06:47:31 UTC,@vvang
159,milleramber@browning.com,password,,,,Michael,Shepard,Athlete,University of Oregon,,,,2025-11-04 08:06:58 UTC,2025-12-22 02:34:44 UTC,@wilsonnathan
160,felicia00@henry-brown.com,password,,,,Nicole,Blevins,Athlete,University of Michigan,,,,2025-05-10 00:39:36 UTC,2025-09-19 06:42:37 UTC,@jessica21
161,trevorthompson@wilkins.com,password,,,,Andrew,Cuevas,Athlete,Louisiana State University,,,,2025-12-30 18:57:50 UTC,2025-12-31 17:37:14 UTC,@meredithmccarthy
162,uaguilar@moore-jones.com,password,,,,Allison,Brennan,Athlete,University of Texas,,,,2025-06-26 08:54:22 UTC,2025-10-05 21:27:09 UTC,@katiewilliams
163,raysabrina@hotmail.com,password,,,,Matthew,Craig,Athlete,Florida State University,,,,2025-10-05 13:47:24 UTC,2025-11-17 01:49:25 UTC,@nbrooks
164,clarkkatrina@perez.com,password,,,,Edward,Lawrence,Athlete,University of Miami,,,,2025-08-12 14:43:47 UTC,2025-10-26 23:13:45 UTC,@javier65
165,cynthia55@gmail.com,password,,,,Alex,Murillo,Athlete,University of Miami,,,,2025-10-02 03:51:06 UTC,2025-11-07 06:57:46 UTC,@pwolfe
166,joephillips@wilson.info,password,,,,Laura,Mccarty,Athlete,Louisiana State University,,,,2025-08-24 05:22:38 UTC,2025-12-28 01:14:43 UTC,@robert65
167,bakerroberta@lynch.org,password,,,,Stephen,Chandler,Athlete,Florida State University,,,,2025-02-12 09:19:18 UTC,2025-06-01 15:16:04 UTC,@ann69
168,ruizrebecca@crawford-jackson.com,password,,,,Kelly,Rogers,Athlete,Ohio State University,,,,2025-05-18 11:50:38 UTC,2025-10-06 12:25:24 UTC,@kelli33
169,jimmyrodriguez@hotmail.com,password,,,,Adam,Parks,Athlete,Louisiana State University,,,,2025-09-17 00:01:18 UTC,2025-10-07 13:07:04 UTC,@millertravis
170,huertacarolyn@yahoo.com,password,,,,David,Wilkerson,Athlete,Penn State University,,,,2025-02-22 21:45:51 UTC,2025-06-28 11:51:56 UTC,@jonathan97
171,nashdanny@davis-thomas.com,password,,,,Robert,Clark,Athlete,University of Miami,,,,2025-04-29 09:37:46 UTC,2025-05-13 09:50:22 UTC,@waltersbrandy
172,osbornrandy@poole-diaz.com,password,,,,Lisa,Johnson,Athlete,University of Southern California,,,,2025-06-26 19:37:30 UTC,2025-11-20 05:24:09 UTC,@stephanieweber
173,graytyler@henson-tran.org,password,,,,Edward,Gonzalez,Athlete,Florida State University,,,,2025-06-13 01:07:22 UTC,2025-10-21 23:15:54 UTC,@lelliott
174,smartinez@hotmail.com,password,,,,Christina,Cox,Athlete,University of Florida,,,,2025-10-23 14:07:21 UTC,2025-11-24 06:53:37 UTC,@davidsmith
175,david83@gmail.com,password,,,,Jenna,Owens,Athlete,University of Miami,,,,2025-12-10 17:38:05 UTC,2025-12-20 22:14:57 UTC,@oatkinson
176,justinsolis@mcgrath-martinez.com,password,,,,Alexandra,Singleton,Athlete,Clemson University,,,,2025-01-14 07:55:33 UTC,2025-05-11 23:18:55 UTC,@arichards
177,taylorivan@gmail.com,password,,,,Elizabeth,Rios,Athlete,University of Washington,,,,2025-12-04 02:20:53 UTC,2025-12-30 05:43:36 UTC,@sean03
178,kelly48@yahoo.com,password,,,,Leah,Stone,Athlete,University of Miami,,,,2025-06-09 02:36:56 UTC,2025-09-04 07:26:25 UTC,@qgraham
179,npearson@yahoo.com,password,,,,James,Garcia,Athlete,Clemson University,,,,2025-02-28 04:06:12 UTC,2025-06-17 07:50:01 UTC,@sheriowens
180,johnfisher@lewis.biz,password,,,,Richard,Martin,Athlete,University of Alabama,,,,2025-04-09 07:18:01 UTC,2025-10-15 10:09:03 UTC,@ocooley
181,gregorymiller@wagner.com,password,,,,Brian,Williams,Athlete,University of Georgia,,,,2025-05-08 23:56:05 UTC,2025-11-26 09:55:17 UTC,@sandra04
182,jessica69@smith-hall.info,password,,,,Frank,Murray,Athlete,University of Washington,,,,2025-04-11 18:13:03 UTC,2025-07-20 04:13:10 UTC,@reyeselizabeth
183,martin74@munoz.com,password,,,,Steve,Pratt,Athlete,University of Washington,,,,2025-02-10 07:41:09 UTC,2025-12-24 01:08:45 UTC,@kyleblackburn
184,thompsonsarah@gmail.com,password,,,,Megan,Freeman,Athlete,University of Michigan,,,,2025-02-06 21:29:41 UTC,2025-08-03 21:32:45 UTC,@anthony43
185,melindashea@gmail.com,password,,,,Cassandra,Chandler,Athlete,University of Southern California,,,,2025-06-06 06:16:10 UTC,2025-07-30 06:55:12 UTC,@jessica98
186,brandi52@hotmail.com,password,,,,Kathleen,Elliott,Athlete,University of Georgia,,,,2025-11-29 17:02:05 UTC,2025-12-25 15:26:34 UTC,@goodwinphillip
187,telliott@small.org,password,,,,Marcus,Mcdonald,Athlete,University of Miami,,,,2025-09-27 12:34:32 UTC,2025-12-15 20:49:24 UTC,@gstein
188,zstrickland@andrews.com,password,,,,Diana,Mills,Athlete,Clemson University,,,,2025-03-13 21:41:01 UTC,2025-09-18 16:10:54 UTC,@adam97
189,romeroalan@hotmail.com,password,,,,Christian,Hart,Athlete,University of Georgia,,,,2025-03-24 18:02:34 UTC,2025-05-03 01:37:01 UTC,@cainamber
190,michaelferguson@williams.biz,password,,,,Robert,Mills,Athlete,Penn State University,,,,2025-07-05 17:10:53 UTC,2025-12-06 08:22:13 UTC,@kevinrobinson
191,timothy36@yahoo.com,password,,,,Clifford,Burgess,Athlete,University of Texas,,,,2025-03-31 00:07:46 UTC,2025-12-07 09:44:43 UTC,@hebertchristine
192,laurarogers@gmail.com,password,,,,Donald,King,Athlete,University of Florida,,,,2025-02-06 21:52:30 UTC,2025-02-24 10:25:01 UTC,@kathryn13
193,nstevenson@hotmail.com,password,,,,Emily,Williams,Athlete,Florida State University,,,,2025-10-14 17:35:04 UTC,2025-12-10 14:23:37 UTC,@westcarl
194,ihaynes@gmail.com,password,,,,George,Reed,Athlete,Auburn University,,,,2025-11-22 17:42:57 UTC,2025-12-01 01:03:14 UTC,@codyortiz
195,cynthiamueller@gmail.com,password,,,,Sarah,Monroe,Athlete,Florida State University,,,,2025-12-05 01:47:46 UTC,2025-12-17 15:58:09 UTC,@johnsonmichael
196,susanleach@gmail.com,password,,,,Joseph,Hernandez,Athlete,Auburn University,,,,2025-05-14 12:32:20 UTC,2025-09-28 10:15:59 UTC,@felicia34
197,lisa94@silva.biz,password,,,,Robert,Porter,Athlete,Louisiana State University,,,,2025-03-13 11:58:23 UTC,2025-05-29 16:23:22 UTC,@brittany41
198,shelly02@sanders.com,password,,,,Stephanie,Mcintosh,Athlete,University of Oregon,,,,2025-07-02 03:19:29 UTC,2025-09-10 16:06:22 UTC,@christinewilson
199,sarah89@hotmail.com,password,,,,Kevin,Little,Athlete,Clemson University,,,,2025-02-23 11:25:17 UTC,2025-12-20 16:34:28 UTC,@swansonchelsea
200,vpatton@yahoo.com,password,,,,Kathy,Leonard,Athlete,Florida State University,,,,2025-07-19 18:24:10 UTC,2025-10-01 03:37:23 UTC,@khoward