id,contract_id,task_name,description,created_by,deadline,completion_status,completed_on,assigned_to,created_at,updated_at
1,1,Review Product Brief,Review Product Brief related to the deliverables of the contract. Must be completed as part of promotional requirements.,10,2025-05-07,TRUE,2025-05-07,121,2025-04-10 12:23:55 UTC,2025-08-08 21:10:47 UTC
2,1,Send Brand Content,Send Brand Content related to the deliverables of the contract. Must be completed as part of promotional requirements.,10,2025-12-26,TRUE,2025-12-26,121,2025-12-17 13:46:44 UTC,2025-12-20 09:15:18 UTC
3,1,Upload Signed Documents,Upload Signed Documents related to the deliverables of the contract. Must be completed as part of promotional requirements.,10,2025-08-07,FALSE,,121,2025-07-20 00:58:41 UTC,2025-12-04 02:34:13 UTC
4,2,Tweet Brand Mention,Tweet Brand Mention related to the deliverables of the contract. Must be completed as part of promotional requirements.,15,2025-06-04,TRUE,2025-06-04,161,2025-05-11 07:19:04 UTC,2025-09-19 18:15:44 UTC
5,2,Tweet Brand Mention,Tweet Brand Mention related to the deliverables of the contract. Must be completed as part of promotional requirements.,15,2025-09-26,TRUE,2025-09-26,161,2025-09-14 15:22:17 UTC,2025-12-11 11:30:00 UTC
6,2,Attend Event,Attend Event related to the deliverables of the contract. Must be completed as part of promotional requirements.,15,2025-03-20,FALSE,,161,2025-03-04 10:27:12 UTC,2025-08-02 16:47:14 UTC
7,2,Send Brand Content,Send Brand Content related to the deliverables of the contract. Must be completed as part of promotional requirements.,15,2025-10-19,TRUE,2025-10-19,161,2025-10-03 21:07:36 UTC,2025-11-03 23:57:18 UTC
8,3,Create Unboxing Video,Create Unboxing Video related to the deliverables of the contract. Must be completed as part of promotional requirements.,66,2025-06-02,FALSE,,157,2025-05-18 11:55:53 UTC,2025-06-14 17:02:42 UTC
9,3,Join Zoom Training,Join Zoom Training related to the deliverables of the contract. Must be completed as part of promotional requirements.,66,2025-04-02,FALSE,,157,2025-03-08 02:16:57 UTC,2025-10-30 16:53:03 UTC
10,3,Upload Signed Documents,Upload Signed Documents related to the deliverables of the contract. Must be completed as part of promotional requirements.,66,2025-11-19,TRUE,2025-11-19,157,2025-11-09 11:20:38 UTC,2025-12-10 16:28:33 UTC
11,4,Tweet Brand Mention,Tweet Brand Mention related to the deliverables of the contract. Must be completed as part of promotional requirements.,48,2025-09-20,TRUE,2025-09-20,167,2025-08-26 21:36:24 UTC,2025-09-19 00:05:15 UTC
12,4,Create Unboxing Video,Create Unboxing Video related to the deliverables of the contract. Must be completed as part of promotional requirements.,48,2025-05-13,FALSE,,167,2025-04-29 10:37:36 UTC,2025-10-07 14:31:52 UTC
13,4,Join Zoom Training,Join Zoom Training related to the deliverables of the contract. Must be completed as part of promotional requirements.,48,2025-02-09,FALSE,,167,2025-01-16 20:36:31 UTC,2025-02-12 11:19:39 UTC
14,5,Upload Signed Documents,Upload Signed Documents related to the deliverables of the contract. Must be completed as part of promotional requirements.,89,2025-05-18,TRUE,2025-05-18,190,2025-04-27 08:56:04 UTC,2025-06-09 08:43:32 UTC
15,5,Tweet Brand Mention,Tweet Brand Mention related to the deliverables of the contract. Must be completed as part of promotional requirements.,89,2025-10-14,FALSE,,190,2025-10-02 22:02:11 UTC,2025-10-22 08:48:42 UTC
16,5,Join Zoom Training,Join Zoom Training related to the deliverables of the contract. Must be completed as part of promotional requirements.,89,2025-06-06,TRUE,2025-06-06,190,2025-05-07 15:43:53 UTC,2025-11-23 21:09:34 UTC
17,5,Upload Signed Documents,Upload Signed Documents related to the deliverables of the contract. Must be completed as part of promotional requirements.,89,2025-04-08,TRUE,2025-04-08,190,2025-04-03 23:58:05 UTC,2025-04-16 12:09:20 UTC
18,6,Upload Signed Documents,Upload Signed Documents related to the deliverables of the contract. Must be completed as part of promotional requirements.,48,2025-12-07,TRUE,2025-12-07,194,2025-11-07 09:01:29 UTC,2025-11-15 05:29:01 UTC
19,6,Publish TikTok Video,Publish TikTok Video related to the deliverables of the contract. Must be completed as part of promotional requirements.,48,2025-10-05,FALSE,,194,2025-09-25 22:23:58 UTC,2025-12-25 16:21:59 UTC
20,6,Tweet Brand Mention,Tweet Brand Mention related to the deliverables of the contract. Must be completed as part of promotional requirements.,48,2025-05-04,FALSE,,194,2025-04-17 01:30:17 UTC,2025-11-10 10:55:55 UTC
21,6,Send Brand Content,Send Brand Content related to the deliverables of the contract. Must be completed as part of promotional requirements.,48,2025-11-24,FALSE,,194,2025-10-29 12:23:21 UTC,2025-11-15 14:48:23 UTC
22,7,Post Instagram Story,Post Instagram Story related to the deliverables of the contract. Must be completed as part of promotional requirements.,63,2026-01-04,FALSE,,198,2025-12-10 03:31:34 UTC,2025-12-25 13:45:26 UTC
23,7,Review Product Brief,Review Product Brief related to the deliverables of the contract. Must be completed as part of promotional requirements.,63,2025-09-06,TRUE,2025-09-06,198,2025-08-16 00:39:04 UTC,2025-11-12 12:20:56 UTC
24,8,Upload Signed Documents,Upload Signed Documents related to the deliverables of the contract. Must be completed as part of promotional requirements.,96,2025-07-16,FALSE,,109,2025-07-03 13:39:37 UTC,2025-08-24 14:17:40 UTC
25,8,Create Unboxing Video,Create Unboxing Video related to the deliverables of the contract. Must be completed as part of promotional requirements.,96,2025-11-16,TRUE,2025-11-16,109,2025-11-05 00:48:04 UTC,2025-12-10 05:07:37 UTC
26,8,Create Unboxing Video,Create Unboxing Video related to the deliverables of the contract. Must be completed as part of promotional requirements.,96,2025-04-06,FALSE,,109,2025-03-15 03:22:33 UTC,2025-05-19 05:13:22 UTC
27,9,Upload Signed Documents,Upload Signed Documents related to the deliverables of the contract. Must be completed as part of promotional requirements.,42,2025-05-27,FALSE,,151,2025-05-05 20:34:46 UTC,2025-05-28 04:41:56 UTC
28,9,Upload Signed Documents,Upload Signed Documents related to the deliverables of the contract. Must be completed as part of promotional requirements.,42,2025-11-29,FALSE,,151,2025-11-26 23:03:31 UTC,2025-12-15 23:48:48 UTC
29,10,Create Unboxing Video,Create Unboxing Video related to the deliverables of the contract. Must be completed as part of promotional requirements.,36,2025-04-21,TRUE,2025-04-21,176,2025-04-20 05:50:27 UTC,2025-10-23 22:19:50 UTC
30,10,Post Instagram Story,Post Instagram Story related to the deliverables of the contract. Must be completed as part of promotional requirements.,36,2025-04-08,TRUE,2025-04-08,176,2025-03-27 20:49:15 UTC,2025-04-23 00:09:51 UTC
31,10,Send Brand Content,Send Brand Content related to the deliverables of the contract. Must be completed as part of promotional requirements.,36,2025-05-15,FALSE,,176,2025-04-26 18:04:22 UTC,2025-07-02 05:26:08 UTC
32,11,Join Zoom Training,Join Zoom Training related to the deliverables of the contract. Must be completed as part of promotional requirements.,97,2025-07-10,TRUE,2025-07-10,182,2025-06-10 23:49:46 UTC,2025-12-25 17:55:47 UTC
33,11,Send Brand Content,Send Brand Content related to the deliverables of the contract. Must be completed as part of promotional requirements.,97,2025-03-13,TRUE,2025-03-13,182,2025-03-08 07:45:10 UTC,2025-07-05 11:19:43 UTC
34,11,Post Instagram Story,Post Instagram Story related to the deliverables of the contract. Must be completed as part of promotional requirements.,97,2025-12-01,FALSE,,182,2025-11-04 20:22:30 UTC,2025-11-11 17:51:18 UTC
35,11,Publish TikTok Video,Publish TikTok Video related to the deliverables of the contract. Must be completed as part of promotional requirements.,97,2025-12-24,FALSE,,182,2025-11-30 16:22:50 UTC,2025-12-13 16:53:33 UTC
36,12,Join Zoom Training,Join Zoom Training related to the deliverables of the contract. Must be completed as part of promotional requirements.,43,2025-04-28,FALSE,,200,2025-04-18 04:36:51 UTC,2025-09-20 00:46:54 UTC
37,12,Join Zoom Training,Join Zoom Training related to the deliverables of the contract. Must be completed as part of promotional requirements.,43,2025-02-03,FALSE,,200,2025-01-26 16:40:34 UTC,2025-11-16 13:18:53 UTC
38,12,Review Product Brief,Review Product Brief related to the deliverables of the contract. Must be completed as part of promotional requirements.,43,2025-11-01,FALSE,,200,2025-10-13 11:11:50 UTC,2025-10-29 22:37:46 UTC
39,12,Join Zoom Training,Join Zoom Training related to the deliverables of the contract. Must be completed as part of promotional requirements.,43,2025-06-16,FALSE,,200,2025-05-17 16:27:52 UTC,2025-09-09 20:13:25 UTC
40,13,Tweet Brand Mention,Tweet Brand Mention related to the deliverables of the contract. Must be completed as part of promotional requirements.,82,2025-09-08,FALSE,,180,2025-08-12 12:24:40 UTC,2025-08-14 16:21:32 UTC
41,13,Tweet Brand Mention,Tweet Brand Mention related to the deliverables of the contract. Must be completed as part of promotional requirements.,82,2025-11-12,TRUE,2025-11-12,180,2025-10-13 07:09:02 UTC,2025-12-26 07:19:59 UTC
42,13,Post Instagram Story,Post Instagram Story related to the deliverables of the contract. Must be completed as part of promotional requirements.,82,2025-06-30,TRUE,2025-06-30,180,2025-06-08 16:50:32 UTC,2025-07-08 11:39:33 UTC
43,14,Send Brand Content,Send Brand Content related to the deliverables of the contract. Must be completed as part of promotional requirements.,89,2025-05-28,FALSE,,152,2025-05-21 18:44:23 UTC,2025-08-08 04:21:19 UTC
44,14,Publish TikTok Video,Publish TikTok Video related to the deliverables of the contract. Must be completed as part of promotional requirements.,89,2025-09-27,FALSE,,152,2025-09-02 11:10:14 UTC,2025-10-15 11:42:46 UTC
45,14,Tweet Brand Mention,Tweet Brand Mention related to the deliverables of the contract. Must be completed as part of promotional requirements.,89,2025-07-09,FALSE,,152,2025-06-24 03:19:09 UTC,2025-08-03 17:20:11 UTC
46,15,Review Product Brief,Review Product Brief related to the deliverables of the contract. Must be completed as part of promotional requirements.,52,2025-12-01,FALSE,,178,2025-11-16 08:03:53 UTC,2025-11-29 04:07:56 UTC
47,15,Review Product Brief,Review Product Brief related to the deliverables of the contract. Must be completed as part of promotional requirements.,52,2025-09-19,TRUE,2025-09-19,178,2025-09-01 03:25:18 UTC,2025-09-12 09:42:04 UTC
48,15,Review Product Brief,Review Product Brief related to the deliverables of the contract. Must be completed as part of promotional requirements.,52,2025-07-17,FALSE,,178,2025-07-04 12:06:13 UTC,2025-10-05 14:10:47 UTC
49,16,Review Product Brief,Review Product Brief related to the deliverables of the contract. Must be completed as part of promotional requirements.,85,2025-09-11,FALSE,,149,2025-09-01 01:36:48 UTC,2025-11-10 19:58:26 UTC
50,16,Review Product Brief,Review Product Brief related to the deliverables of the contract. Must be completed as part of promotional requirements.,85,2025-12-11,FALSE,,149,2025-11-14 22:49:16 UTC,2025-12-06 01:33:20 UTC
51,17,Publish TikTok Video,Publish TikTok Video related to the deliverables of the contract. Must be completed as part of promotional requirements.,24,2025-11-25,FALSE,,185,2025-11-15 06:19:39 UTC,2025-12-09 04:44:17 UTC
52,17,Publish TikTok Video,Publish TikTok Video related to the deliverables of the contract. Must be completed as part of promotional requirements.,24,2025-01-13,TRUE,2025-01-13,185,2025-01-01 16:13:12 UTC,2025-03-24 01:06:09 UTC
53,18,Post Instagram Story,Post Instagram Story related to the deliverables of the contract. Must be completed as part of promotional requirements.,79,2025-08-11,TRUE,2025-08-11,114,2025-07-14 16:12:30 UTC,2025-10-20 15:44:57 UTC
54,18,Upload Signed Documents,Upload Signed Documents related to the deliverables of the contract. Must be completed as part of promotional requirements.,79,2025-01-21,TRUE,2025-01-21,114,2025-01-14 00:27:42 UTC,2025-09-07 09:33:55 UTC
55,19,Tweet Brand Mention,Tweet Brand Mention related to the deliverables of the contract. Must be completed as part of promotional requirements.,95,2026-01-01,TRUE,2026-01-01,123,2025-12-23 14:34:20 UTC,2025-12-28 16:36:07 UTC
56,19,Attend Event,Attend Event related to the deliverables of the contract. Must be completed as part of promotional requirements.,95,2025-02-16,FALSE,,123,2025-01-30 00:22:55 UTC,2025-06-11 15:47:12 UTC
57,19,Tweet Brand Mention,Tweet Brand Mention related to the deliverables of the contract. Must be completed as part of promotional requirements.,95,2025-06-29,FALSE,,123,2025-06-20 17:32:06 UTC,2025-11-18 05:51:30 UTC
58,20,Post Instagram Story,Post Instagram Story related to the deliverables of the contract. Must be completed as part of promotional requirements.,13,2025-10-17,TRUE,2025-10-17,181,2025-09-24 08:40:05 UTC,2025-11-21 03:43:17 UTC
59,20,Create Unboxing Video,Create Unboxing Video related to the deliverables of the contract. Must be completed as part of promotional requirements.,13,2025-07-06,TRUE,2025-07-06,181,2025-06-13 01:33:08 UTC,2025-10-26 08:56:29 UTC
60,21,Send Brand Content,Send Brand Content related to the deliverables of the contract. Must be completed as part of promotional requirements.,94,2025-02-11,TRUE,2025-02-11,174,2025-01-16 19:37:04 UTC,2025-06-27 01:04:04 UTC
61,21,Publish TikTok Video,Publish TikTok Video related to the deliverables of the contract. Must be completed as part of promotional requirements.,94,2025-10-19,FALSE,,174,2025-10-04 17:58:55 UTC,2025-11-30 00:31:27 UTC
62,21,Attend Event,Attend Event related to the deliverables of the contract. Must be completed as part of promotional requirements.,94,2025-02-10,FALSE,,174,2025-01-20 13:07:56 UTC,2025-06-22 01:34:13 UTC
63,21,Send Brand Content,Send Brand Content related to the deliverables of the contract. Must be completed as part of promotional requirements.,94,2025-07-25,FALSE,,174,2025-07-20 00:11:57 UTC,2025-08-05 03:50:58 UTC
64,22,Attend Event,Attend Event related to the deliverables of the contract. Must be completed as part of promotional requirements.,93,2025-01-29,TRUE,2025-01-29,172,2025-01-10 01:30:49 UTC,2025-10-11 07:26:05 UTC
65,22,Tweet Brand Mention,Tweet Brand Mention related to the deliverables of the contract. Must be completed as part of promotional requirements.,93,2025-03-27,FALSE,,172,2025-03-13 05:30:03 UTC,2025-12-19 12:17:51 UTC
66,22,Post Instagram Story,Post Instagram Story related to the deliverables of the contract. Must be completed as part of promotional requirements.,93,2025-08-03,TRUE,2025-08-03,172,2025-07-09 10:29:36 UTC,2025-10-07 07:00:35 UTC
67,22,Send Brand Content,Send Brand Content related to the deliverables of the contract. Must be completed as part of promotional requirements.,93,2025-11-09,TRUE,2025-11-09,172,2025-10-29 00:21:50 UTC,2025-11-22 13:44:18 UTC
68,23,Upload Signed Documents,Upload Signed Documents related to the deliverables of the contract. Must be completed as part of promotional requirements.,94,2025-07-19,FALSE,,153,2025-07-07 02:21:22 UTC,2025-10-20 09:11:27 UTC
69,23,Attend Event,Attend Event related to the deliverables of the contract. Must be completed as part of promotional requirements.,94,2025-04-24,TRUE,2025-04-24,153,2025-04-19 19:05:30 UTC,2025-06-07 16:56:50 UTC
70,23,Upload Signed Documents,Upload Signed Documents related to the deliverables of the contract. Must be completed as part of promotional requirements.,94,2025-10-31,FALSE,,153,2025-10-25 21:12:59 UTC,2025-11-08 19:39:39 UTC
71,23,Review Product Brief,Review Product Brief related to the deliverables of the contract. Must be completed as part of promotional requirements.,94,2025-09-10,FALSE,,153,2025-08-28 09:32:56 UTC,2025-10-25 16:16:54 UTC
72,24,Tweet Brand Mention,Tweet Brand Mention related to the deliverables of the contract. Must be completed as part of promotional requirements.,4,2025-06-23,FALSE,,106,2025-06-12 05:27:03 UTC,2025-08-18 11:58:47 UTC
73,24,Tweet Brand Mention,Tweet Brand Mention related to the deliverables of the contract. Must be completed as part of promotional requirements.,4,2025-08-07,TRUE,2025-08-07,106,2025-07-11 13:36:37 UTC,2025-09-19 02:25:11 UTC
74,24,Create Unboxing Video,Create Unboxing Video related to the deliverables of the contract. Must be completed as part of promotional requirements.,4,2025-05-01,FALSE,,106,2025-04-16 07:16:18 UTC,2025-07-07 04:28:05 UTC
75,25,Send Brand Content,Send Brand Content related to the deliverables of the contract. Must be completed as part of promotional requirements.,75,2025-01-16,FALSE,,165,2025-01-01 13:18:36 UTC,2025-03-12 14:25:58 UTC
76,25,Tweet Brand Mention,Tweet Brand Mention related to the deliverables of the contract. Must be completed as part of promotional requirements.,75,2025-02-19,TRUE,2025-02-19,165,2025-01-27 14:08:19 UTC,2025-06-26 12:53:19 UTC
77,25,Create Unboxing Video,Create Unboxing Video related to the deliverables of the contract. Must be completed as part of promotional requirements.,75,2025-01-22,FALSE,,165,2025-01-02 22:19:49 UTC,2025-05-01 13:02:16 UTC
78,25,Publish TikTok Video,Publish TikTok Video related to the deliverables of the contract. Must be completed as part of promotional requirements.,75,2025-11-06,FALSE,,165,2025-11-04 15:28:49 UTC,2025-12-01 06:13:39 UTC
79,26,Attend Event,Attend Event related to the deliverables of the contract. Must be completed as part of promotional requirements.,29,2025-06-29,TRUE,2025-06-29,155,2025-06-14 04:26:12 UTC,2025-10-23 03:06:56 UTC
80,26,Create Unboxing Video,Create Unboxing Video related to the deliverables of the contract. Must be completed as part of promotional requirements.,29,2025-05-26,FALSE,,155,2025-04-27 04:34:41 UTC,2025-07-02 05:13:31 UTC
81,27,Publish TikTok Video,Publish TikTok Video related to the deliverables of the contract. Must be completed as part of promotional requirements.,89,2025-07-17,TRUE,2025-07-17,170,2025-06-28 18:29:47 UTC,2025-08-25 05:51:56 UTC
82,27,Publish TikTok Video,Publish TikTok Video related to the deliverables of the contract. Must be completed as part of promotional requirements.,89,2026-01-04,TRUE,2026-01-04,170,2025-12-23 05:00:10 UTC,2025-12-26 12:32:23 UTC
83,27,Review Product Brief,Review Product Brief related to the deliverables of the contract. Must be completed as part of promotional requirements.,89,2025-11-24,FALSE,,170,2025-11-16 15:42:54 UTC,2025-12-01 15:57:30 UTC
84,28,Review Product Brief,Review Product Brief related to the deliverables of the contract. Must be completed as part of promotional requirements.,47,2025-12-17,TRUE,2025-12-17,144,2025-11-22 21:01:00 UTC,2025-12-29 04:16:54 UTC
85,28,Create Unboxing Video,Create Unboxing Video related to the deliverables of the contract. Must be completed as part of promotional requirements.,47,2025-11-06,TRUE,2025-11-06,144,2025-10-17 17:29:27 UTC,2025-12-04 10:35:20 UTC
86,29,Create Unboxing Video,Create Unboxing Video related to the deliverables of the contract. Must be completed as part of promotional requirements.,65,2025-12-29,TRUE,2025-12-29,136,2025-12-03 15:25:09 UTC,2025-12-16 02:41:37 UTC
87,29,Review Product Brief,Review Product Brief related to the deliverables of the contract. Must be completed as part of promotional requirements.,65,2025-09-21,FALSE,,136,2025-09-13 09:28:34 UTC,2025-11-04 07:16:04 UTC
88,30,Attend Event,Attend Event related to the deliverables of the contract. Must be completed as part of promotional requirements.,10,2025-09-19,FALSE,,130,2025-09-12 16:36:08 UTC,2025-09-18 07:31:53 UTC
89,30,Create Unboxing Video,Create Unboxing Video related to the deliverables of the contract. Must be completed as part of promotional requirements.,10,2025-02-28,TRUE,2025-02-28,130,2025-02-23 11:15:15 UTC,2025-07-12 17:11:30 UTC
90,31,Attend Event,Attend Event related to the deliverables of the contract. Must be completed as part of promotional requirements.,11,2025-04-13,TRUE,2025-04-13,183,2025-03-25 12:38:15 UTC,2025-07-12 09:38:35 UTC
91,31,Post Instagram Story,Post Instagram Story related to the deliverables of the contract. Must be completed as part of promotional requirements.,11,2025-03-05,FALSE,,183,2025-02-23 04:36:19 UTC,2025-07-04 01:31:55 UTC
92,31,Attend Event,Attend Event related to the deliverables of the contract. Must be completed as part of promotional requirements.,11,2025-02-05,FALSE,,183,2025-02-01 10:09:32 UTC,2025-11-22 23:40:12 UTC
93,32,Upload Signed Documents,Upload Signed Documents related to the deliverables of the contract. Must be completed as part of promotional requirements.,80,2025-11-11,TRUE,2025-11-11,170,2025-11-02 20:25:42 UTC,2025-12-07 19:12:21 UTC
94,32,Join Zoom Training,Join Zoom Training related to the deliverables of the contract. Must be completed as part of promotional requirements.,80,2025-11-06,FALSE,,170,2025-10-13 02:03:35 UTC,2025-10-17 14:29:33 UTC
95,32,Publish TikTok Video,Publish TikTok Video related to the deliverables of the contract. Must be completed as part of promotional requirements.,80,2025-06-26,FALSE,,170,2025-06-12 21:23:06 UTC,2025-08-11 01:43:45 UTC
96,33,Tweet Brand Mention,Tweet Brand Mention related to the deliverables of the contract. Must be completed as part of promotional requirements.,85,2025-11-12,TRUE,2025-11-12,112,2025-10-31 09:06:20 UTC,2025-12-27 04:57:59 UTC
97,33,Post Instagram Story,Post Instagram Story related to the deliverables of the contract. Must be completed as part of promotional requirements.,85,2025-01-31,TRUE,2025-01-31,112,2025-01-05 04:35:21 UTC,2025-07-22 17:52:48 UTC
98,33,Upload Signed Documents,Upload Signed Documents related to the deliverables of the contract. Must be completed as part of promotional requirements.,85,2025-07-04,TRUE,2025-07-04,112,2025-06-21 18:47:59 UTC,2025-11-21 16:22:04 UTC
99,33,Tweet Brand Mention,Tweet Brand Mention related to the deliverables of the contract. Must be completed as part of promotional requirements.,85,2025-11-24,FALSE,,112,2025-11-13 20:09:50 UTC,2025-11-27 03:51:17 UTC
100,34,Post Instagram Story,Post Instagram Story related to the deliverables of the contract. Must be completed as part of promotional requirements.,56,2025-03-13,FALSE,,140,2025-02-12 01:11:22 UTC,2025-08-13 08:45:20 UTC
101,34,Tweet Brand Mention,Tweet Brand Mention related to the deliverables of the contract. Must be completed as part of promotional requirements.,56,2025-08-03,TRUE,2025-08-03,140,2025-07-30 07:32:36 UTC,2025-10-25 10:50:21 UTC
102,35,Send Brand Content,Send Brand Content related to the deliverables of the contract. Must be completed as part of promotional requirements.,35,2025-12-17,TRUE,2025-12-17,186,2025-12-03 06:13:53 UTC,2025-12-10 20:14:14 UTC
103,35,Send Brand Content,Send Brand Content related to the deliverables of the contract. Must be completed as part of promotional requirements.,35,2025-01-29,TRUE,2025-01-29,186,2025-01-06 19:00:58 UTC,2025-05-31 10:15:32 UTC
104,35,Join Zoom Training,Join Zoom Training related to the deliverables of the contract. Must be completed as part of promotional requirements.,35,2025-03-22,FALSE,,186,2025-02-22 22:25:37 UTC,2025-08-28 21:32:01 UTC
105,36,Join Zoom Training,Join Zoom Training related to the deliverables of the contract. Must be completed as part of promotional requirements.,21,2025-05-19,TRUE,2025-05-19,140,2025-04-30 18:09:36 UTC,2025-09-27 01:52:48 UTC
106,36,Tweet Brand Mention,Tweet Brand Mention related to the deliverables of the contract. Must be completed as part of promotional requirements.,21,2025-06-11,TRUE,2025-06-11,140,2025-05-16 15:44:09 UTC,2025-10-28 19:25:46 UTC
107,36,Tweet Brand Mention,Tweet Brand Mention related to the deliverables of the contract. Must be completed as part of promotional requirements.,21,2025-06-27,TRUE,2025-06-27,140,2025-06-17 12:02:16 UTC,2025-07-18 10:39:59 UTC
108,37,Review Product Brief,Review Product Brief related to the deliverables of the contract. Must be completed as part of promotional requirements.,69,2025-11-05,TRUE,2025-11-05,161,2025-10-20 02:21:46 UTC,2025-11-02 16:37:09 UTC
109,37,Upload Signed Documents,Upload Signed Documents related to the deliverables of the contract. Must be completed as part of promotional requirements.,69,2025-04-28,TRUE,2025-04-28,161,2025-04-26 04:44:58 UTC,2025-06-26 09:46:15 UTC
110,38,Publish TikTok Video,Publish TikTok Video related to the deliverables of the contract. Must be completed as part of promotional requirements.,46,2025-11-05,TRUE,2025-11-05,145,2025-10-08 20:05:21 UTC,2025-11-09 11:32:16 UTC
111,38,Send Brand Content,Send Brand Content related to the deliverables of the contract. Must be completed as part of promotional requirements.,46,2025-12-09,FALSE,,145,2025-11-16 03:32:33 UTC,2025-12-08 09:54:08 UTC
112,38,Tweet Brand Mention,Tweet Brand Mention related to the deliverables of the contract. Must be completed as part of promotional requirements.,46,2025-09-03,FALSE,,145,2025-08-18 16:24:36 UTC,2025-10-10 16:03:05 UTC
113,39,Send Brand Content,Send Brand Content related to the deliverables of the contract. Must be completed as part of promotional requirements.,25,2025-09-02,FALSE,,153,2025-08-20 05:48:57 UTC,2025-10-15 02:34:06 UTC
114,39,Create Unboxing Video,Create Unboxing Video related to the deliverables of the contract. Must be completed as part of promotional requirements.,25,2025-06-08,FALSE,,153,2025-05-15 14:13:15 UTC,2025-06-27 18:59:10 UTC
115,39,Tweet Brand Mention,Tweet Brand Mention related to the deliverables of the contract. Must be completed as part of promotional requirements.,25,2025-05-23,FALSE,,153,2025-05-01 22:09:26 UTC,2025-12-20 10:43:41 UTC
116,40,Review Product Brief,Review Product Brief related to the deliverables of the contract. Must be completed as part of promotional requirements.,11,2025-08-27,FALSE,,153,2025-08-17 07:42:31 UTC,2025-11-27 15:53:28 UTC
117,40,Post Instagram Story,Post Instagram Story related to the deliverables of the contract. Must be completed as part of promotional requirements.,11,2025-07-23,TRUE,2025-07-23,153,2025-07-04 01:16:21 UTC,2025-10-22 02:11:36 UTC
118,41,Post Instagram Story,Post Instagram Story related to the deliverables of the contract. Must be completed as part of promotional requirements.,63,2025-02-12,FALSE,,189,2025-01-28 14:49:07 UTC,2025-12-15 01:46:08 UTC
119,41,Post Instagram Story,Post Instagram Story related to the deliverables of the contract. Must be completed as part of promotional requirements.,63,2025-10-21,TRUE,2025-10-21,189,2025-10-12 13:54:26 UTC,2025-10-27 05:13:34 UTC
120,41,Upload Signed Documents,Upload Signed Documents related to the deliverables of the contract. Must be completed as part of promotional requirements.,63,2025-02-18,TRUE,2025-02-18,189,2025-01-23 02:16:29 UTC,2025-07-22 02:04:22 UTC
121,41,Post Instagram Story,Post Instagram Story related to the deliverables of the contract. Must be completed as part of promotional requirements.,63,2025-12-16,TRUE,2025-12-16,189,2025-11-19 19:08:32 UTC,2025-12-30 22:43:09 UTC
122,42,Create Unboxing Video,Create Unboxing Video related to the deliverables of the contract. Must be completed as part of promotional requirements.,52,2025-05-28,TRUE,2025-05-28,189,2025-05-24 03:40:00 UTC,2025-06-21 10:14:41 UTC
123,42,Join Zoom Training,Join Zoom Training related to the deliverables of the contract. Must be completed as part of promotional requirements.,52,2025-06-02,FALSE,,189,2025-05-03 08:25:24 UTC,2025-09-05 06:26:28 UTC
124,43,Send Brand Content,Send Brand Content related to the deliverables of the contract. Must be completed as part of promotional requirements.,52,2025-02-24,TRUE,2025-02-24,102,2025-01-27 19:00:26 UTC,2025-10-27 12:46:33 UTC
125,43,Send Brand Content,Send Brand Content related to the deliverables of the contract. Must be completed as part of promotional requirements.,52,2025-03-16,TRUE,2025-03-16,102,2025-03-08 14:20:18 UTC,2025-10-29 16:45:15 UTC
126,43,Tweet Brand Mention,Tweet Brand Mention related to the deliverables of the contract. Must be completed as part of promotional requirements.,52,2025-03-30,TRUE,2025-03-30,102,2025-03-21 15:48:05 UTC,2025-11-29 07:06:22 UTC
127,44,Post Instagram Story,Post Instagram Story related to the deliverables of the contract. Must be completed as part of promotional requirements.,34,2025-11-03,TRUE,2025-11-03,101,2025-10-10 14:13:02 UTC,2025-10-31 08:10:29 UTC
128,44,Post Instagram Story,Post Instagram Story related to the deliverables of the contract. Must be completed as part of promotional requirements.,34,2025-06-29,FALSE,,101,2025-06-07 14:03:55 UTC,2025-11-05 07:32:04 UTC
129,44,Create Unboxing Video,Create Unboxing Video related to the deliverables of the contract. Must be completed as part of promotional requirements.,34,2025-07-17,TRUE,2025-07-17,101,2025-06-20 23:18:02 UTC,2025-11-05 07:43:23 UTC
130,44,Review Product Brief,Review Product Brief related to the deliverables of the contract. Must be completed as part of promotional requirements.,34,2025-10-31,FALSE,,101,2025-10-01 18:15:43 UTC,2025-11-02 06:38:28 UTC
131,45,Join Zoom Training,Join Zoom Training related to the deliverables of the contract. Must be completed as part of promotional requirements.,85,2025-08-22,FALSE,,143,2025-08-11 09:55:00 UTC,2025-10-25 23:46:25 UTC
132,45,Send Brand Content,Send Brand Content related to the deliverables of the contract. Must be completed as part of promotional requirements.,85,2025-02-22,TRUE,2025-02-22,143,2025-02-18 11:02:31 UTC,2025-07-22 18:08:42 UTC
133,46,Join Zoom Training,Join Zoom Training related to the deliverables of the contract. Must be completed as part of promotional requirements.,45,2025-04-20,FALSE,,199,2025-03-25 11:29:40 UTC,2025-07-13 02:43:35 UTC
134,46,Send Brand Content,Send Brand Content related to the deliverables of the contract. Must be completed as part of promotional requirements.,45,2025-06-18,TRUE,2025-06-18,199,2025-05-21 19:01:59 UTC,2025-08-24 09:19:19 UTC
135,46,Publish TikTok Video,Publish TikTok Video related to the deliverables of the contract. Must be completed as part of promotional requirements.,45,2025-08-18,FALSE,,199,2025-08-14 03:31:20 UTC,2025-09-27 02:46:43 UTC
136,47,Post Instagram Story,Post Instagram Story related to the deliverables of the contract. Must be completed as part of promotional requirements.,47,2025-08-08,TRUE,2025-08-08,108,2025-07-19 14:18:36 UTC,2025-09-08 15:12:48 UTC
137,47,Post Instagram Story,Post Instagram Story related to the deliverables of the contract. Must be completed as part of promotional requirements.,47,2025-08-27,FALSE,,108,2025-08-01 15:29:39 UTC,2025-10-27 07:02:21 UTC
138,47,Post Instagram Story,Post Instagram Story related to the deliverables of the contract. Must be completed as part of promotional requirements.,47,2025-06-05,TRUE,2025-06-05,108,2025-05-17 17:14:16 UTC,2025-11-04 14:05:03 UTC
139,48,Post Instagram Story,Post Instagram Story related to the deliverables of the contract. Must be completed as part of promotional requirements.,44,2025-04-17,FALSE,,176,2025-03-19 22:26:32 UTC,2025-07-20 04:25:12 UTC
140,48,Create Unboxing Video,Create Unboxing Video related to the deliverables of the contract. Must be completed as part of promotional requirements.,44,2025-03-21,TRUE,2025-03-21,176,2025-03-13 18:24:35 UTC,2025-08-11 12:07:16 UTC
141,49,Attend Event,Attend Event related to the deliverables of the contract. Must be completed as part of promotional requirements.,88,2025-11-15,TRUE,2025-11-15,175,2025-11-14 07:02:54 UTC,2025-11-30 11:56:43 UTC
142,49,Publish TikTok Video,Publish TikTok Video related to the deliverables of the contract. Must be completed as part of promotional requirements.,88,2025-05-23,FALSE,,175,2025-05-22 10:58:49 UTC,2025-11-26 06:08:05 UTC
143,49,Publish TikTok Video,Publish TikTok Video related to the deliverables of the contract. Must be completed as part of promotional requirements.,88,2025-11-18,TRUE,2025-11-18,175,2025-11-12 23:44:38 UTC,2025-11-24 01:08:41 UTC
144,50,Create Unboxing Video,Create Unboxing Video related to the deliverables of the contract. Must be completed as part of promotional requirements.,23,2025-07-23,FALSE,,170,2025-07-01 03:20:09 UTC,2025-09-20 04:17:11 UTC
145,50,Join Zoom Training,Join Zoom Training related to the deliverables of the contract. Must be completed as part of promotional requirements.,23,2025-05-13,FALSE,,170,2025-04-29 09:25:35 UTC,2025-08-04 11:34:42 UTC
146,50,Publish TikTok Video,Publish TikTok Video related to the deliverables of the contract. Must be completed as part of promotional requirements.,23,2025-04-12,TRUE,2025-04-12,170,2025-03-26 07:52:13 UTC,2025-05-23 03:36:56 UTC
147,50,Join Zoom Training,Join Zoom Training related to the deliverables of the contract. Must be completed as part of promotional requirements.,23,2025-05-22,FALSE,,170,2025-04-22 22:53:31 UTC,2025-11-07 19:14:57 UTC
148,51,Review Product Brief,Review Product Brief related to the deliverables of the contract. Must be completed as part of promotional requirements.,78,2025-05-21,FALSE,,160,2025-04-29 21:44:56 UTC,2025-05-16 09:21:01 UTC
149,51,Tweet Brand Mention,Tweet Brand Mention related to the deliverables of the contract. Must be completed as part of promotional requirements.,78,2026-01-12,TRUE,2026-01-12,160,2025-12-28 21:52:49 UTC,2025-12-30 01:47:31 UTC
150,51,Publish TikTok Video,Publish TikTok Video related to the deliverables of the contract. Must be completed as part of promotional requirements.,78,2025-07-03,TRUE,2025-07-03,160,2025-07-01 09:06:28 UTC,2025-10-21 15:25:07 UTC
151,52,Create Unboxing Video,Create Unboxing Video related to the deliverables of the contract. Must be completed as part of promotional requirements.,18,2026-01-14,TRUE,2026-01-14,157,2025-12-27 07:14:08 UTC,2025-12-30 05:16:13 UTC
152,52,Post Instagram Story,Post Instagram Story related to the deliverables of the contract. Must be completed as part of promotional requirements.,18,2025-05-24,FALSE,,157,2025-04-28 00:51:54 UTC,2025-09-22 14:19:13 UTC
153,53,Review Product Brief,Review Product Brief related to the deliverables of the contract. Must be completed as part of promotional requirements.,40,2025-05-28,TRUE,2025-05-28,163,2025-05-23 19:05:59 UTC,2025-08-17 08:43:54 UTC
154,53,Publish TikTok Video,Publish TikTok Video related to the deliverables of the contract. Must be completed as part of promotional requirements.,40,2025-10-08,FALSE,,163,2025-10-02 04:08:14 UTC,2025-10-15 09:43:38 UTC
155,53,Create Unboxing Video,Create Unboxing Video related to the deliverables of the contract. Must be completed as part of promotional requirements.,40,2025-05-13,FALSE,,163,2025-04-22 19:37:31 UTC,2025-06-27 08:26:32 UTC
156,54,Join Zoom Training,Join Zoom Training related to the deliverables of the contract. Must be completed as part of promotional requirements.,84,2025-01-20,TRUE,2025-01-20,113,2025-01-06 18:55:20 UTC,2025-02-09 18:49:01 UTC
157,54,Create Unboxing Video,Create Unboxing Video related to the deliverables of the contract. Must be completed as part of promotional requirements.,84,2025-09-20,TRUE,2025-09-20,113,2025-08-24 02:41:51 UTC,2025-09-19 19:17:12 UTC
158,54,Create Unboxing Video,Create Unboxing Video related to the deliverables of the contract. Must be completed as part of promotional requirements.,84,2025-04-19,FALSE,,113,2025-04-05 14:52:11 UTC,2025-04-24 03:24:07 UTC
159,55,Attend Event,Attend Event related to the deliverables of the contract. Must be completed as part of promotional requirements.,77,2025-03-02,FALSE,,153,2025-02-12 23:06:22 UTC,2025-12-01 15:15:12 UTC
160,55,Send Brand Content,Send Brand Content related to the deliverables of the contract. Must be completed as part of promotional requirements.,77,2025-10-29,FALSE,,153,2025-10-14 23:59:57 UTC,2025-10-21 08:00:34 UTC
161,55,Attend Event,Attend Event related to the deliverables of the contract. Must be completed as part of promotional requirements.,77,2025-11-10,FALSE,,153,2025-10-11 19:39:21 UTC,2025-10-17 02:49:13 UTC
162,56,Send Brand Content,Send Brand Content related to the deliverables of the contract. Must be completed as part of promotional requirements.,9,2025-06-08,FALSE,,108,2025-05-16 02:00:29 UTC,2025-09-25 15:21:00 UTC
163,56,Create Unboxing Video,Create Unboxing Video related to the deliverables of the contract. Must be completed as part of promotional requirements.,9,2025-03-19,TRUE,2025-03-19,108,2025-03-09 01:20:22 UTC,2025-06-17 00:04:50 UTC
164,56,Publish TikTok Video,Publish TikTok Video related to the deliverables of the contract. Must be completed as part of promotional requirements.,9,2025-06-14,TRUE,2025-06-14,108,2025-05-31 00:07:01 UTC,2025-06-11 15:42:26 UTC
165,56,Attend Event,Attend Event related to the deliverables of the contract. Must be completed as part of promotional requirements.,9,2025-12-21,FALSE,,108,2025-12-13 03:45:33 UTC,2025-12-25 19:00:57 UTC
166,57,Join Zoom Training,Join Zoom Training related to the deliverables of the contract. Must be completed as part of promotional requirements.,44,2025-07-12,TRUE,2025-07-12,159,2025-07-01 20:35:08 UTC,2025-08-10 23:54:29 UTC
167,57,Post Instagram Story,Post Instagram Story related to the deliverables of the contract. Must be completed as part of promotional requirements.,44,2025-07-28,TRUE,2025-07-28,159,2025-07-21 13:40:43 UTC,2025-10-02 01:40:18 UTC
168,57,Post Instagram Story,Post Instagram Story related to the deliverables of the contract. Must be completed as part of promotional requirements.,44,2025-09-15,TRUE,2025-09-15,159,2025-09-09 08:59:26 UTC,2025-10-06 19:13:13 UTC
169,58,Send Brand Content,Send Brand Content related to the deliverables of the contract. Must be completed as part of promotional requirements.,43,2025-02-05,FALSE,,192,2025-01-23 02:51:13 UTC,2025-05-22 17:16:04 UTC
170,58,Post Instagram Story,Post Instagram Story related to the deliverables of the contract. Must be completed as part of promotional requirements.,43,2025-04-06,TRUE,2025-04-06,192,2025-03-16 22:22:42 UTC,2025-08-12 09:36:37 UTC
171,58,Send Brand Content,Send Brand Content related to the deliverables of the contract. Must be completed as part of promotional requirements.,43,2025-06-22,FALSE,,192,2025-06-02 17:42:06 UTC,2025-09-08 21:48:38 UTC
172,59,Publish TikTok Video,Publish TikTok Video related to the deliverables of the contract. Must be completed as part of promotional requirements.,97,2025-07-08,TRUE,2025-07-08,147,2025-07-06 08:09:03 UTC,2025-12-13 05:19:53 UTC
173,59,Upload Signed Documents,Upload Signed Documents related to the deliverables of the contract. Must be completed as part of promotional requirements.,97,2025-12-14,TRUE,2025-12-14,147,2025-12-04 16:47:13 UTC,2025-12-12 04:04:59 UTC
174,60,Tweet Brand Mention,Tweet Brand Mention related to the deliverables of the contract. Must be completed as part of promotional requirements.,25,2025-12-26,TRUE,2025-12-26,156,2025-12-10 21:56:40 UTC,2025-12-25 05:14:55 UTC
175,60,Publish TikTok Video,Publish TikTok Video related to the deliverables of the contract. Must be completed as part of promotional requirements.,25,2025-10-19,TRUE,2025-10-19,156,2025-10-13 14:45:28 UTC,2025-12-20 07:58:15 UTC
176,61,Join Zoom Training,Join Zoom Training related to the deliverables of the contract. Must be completed as part of promotional requirements.,16,2025-09-19,FALSE,,148,2025-08-21 02:41:34 UTC,2025-12-06 01:29:09 UTC
177,61,Attend Event,Attend Event related to the deliverables of the contract. Must be completed as part of promotional requirements.,16,2025-02-26,TRUE,2025-02-26,148,2025-02-11 20:37:21 UTC,2025-12-23 09:00:35 UTC
178,62,Publish TikTok Video,Publish TikTok Video related to the deliverables of the contract. Must be completed as part of promotional requirements.,96,2025-12-22,FALSE,,115,2025-12-13 15:17:14 UTC,2025-12-15 21:01:35 UTC
179,62,Join Zoom Training,Join Zoom Training related to the deliverables of the contract. Must be completed as part of promotional requirements.,96,2025-06-01,FALSE,,115,2025-05-31 15:51:45 UTC,2025-12-18 13:20:46 UTC
180,62,Tweet Brand Mention,Tweet Brand Mention related to the deliverables of the contract. Must be completed as part of promotional requirements.,96,2025-09-21,FALSE,,115,2025-08-30 10:36:07 UTC,2025-12-02 03:36:04 UTC
181,62,Publish TikTok Video,Publish TikTok Video related to the deliverables of the contract. Must be completed as part of promotional requirements.,96,2025-11-21,FALSE,,115,2025-11-14 02:32:43 UTC,2025-12-26 13:46:02 UTC
182,63,Upload Signed Documents,Upload Signed Documents related to the deliverables of the contract. Must be completed as part of promotional requirements.,13,2025-09-13,FALSE,,104,2025-08-15 23:30:53 UTC,2025-09-23 17:03:10 UTC
183,63,Tweet Brand Mention,Tweet Brand Mention related to the deliverables of the contract. Must be completed as part of promotional requirements.,13,2025-05-31,TRUE,2025-05-31,104,2025-05-12 23:35:08 UTC,2025-10-05 07:12:07 UTC
184,63,Join Zoom Training,Join Zoom Training related to the deliverables of the contract. Must be completed as part of promotional requirements.,13,2025-06-20,TRUE,2025-06-20,104,2025-05-27 23:52:43 UTC,2025-06-18 06:19:50 UTC
185,64,Join Zoom Training,Join Zoom Training related to the deliverables of the contract. Must be completed as part of promotional requirements.,98,2025-08-28,TRUE,2025-08-28,159,2025-08-22 20:13:06 UTC,2025-12-25 06:20:02 UTC
186,64,Create Unboxing Video,Create Unboxing Video related to the deliverables of the contract. Must be completed as part of promotional requirements.,98,2025-07-23,TRUE,2025-07-23,159,2025-06-30 10:59:15 UTC,2025-10-20 12:43:29 UTC
187,64,Post Instagram Story,Post Instagram Story related to the deliverables of the contract. Must be completed as part of promotional requirements.,98,2025-05-11,TRUE,2025-05-11,159,2025-05-08 15:24:33 UTC,2025-11-23 15:08:42 UTC
188,64,Create Unboxing Video,Create Unboxing Video related to the deliverables of the contract. Must be completed as part of promotional requirements.,98,2025-09-07,TRUE,2025-09-07,159,2025-08-29 21:44:01 UTC,2025-09-26 01:59:43 UTC
189,65,Publish TikTok Video,Publish TikTok Video related to the deliverables of the contract. Must be completed as part of promotional requirements.,96,2025-11-16,TRUE,2025-11-16,125,2025-11-07 01:43:02 UTC,2025-11-12 02:24:26 UTC
190,65,Publish TikTok Video,Publish TikTok Video related to the deliverables of the contract. Must be completed as part of promotional requirements.,96,2025-03-31,TRUE,2025-03-31,125,2025-03-23 07:54:07 UTC,2025-07-25 07:13:41 UTC
191,66,Publish TikTok Video,Publish TikTok Video related to the deliverables of the contract. Must be completed as part of promotional requirements.,70,2025-09-11,TRUE,2025-09-11,178,2025-09-08 12:05:03 UTC,2025-09-29 11:36:14 UTC
192,66,Post Instagram Story,Post Instagram Story related to the deliverables of the contract. Must be completed as part of promotional requirements.,70,2025-02-23,FALSE,,178,2025-01-29 23:11:40 UTC,2025-05-27 13:48:56 UTC
193,67,Publish TikTok Video,Publish TikTok Video related to the deliverables of the contract. Must be completed as part of promotional requirements.,43,2025-05-17,FALSE,,190,2025-05-14 03:39:22 UTC,2025-10-04 09:06:43 UTC
194,67,Upload Signed Documents,Upload Signed Documents related to the deliverables of the contract. Must be completed as part of promotional requirements.,43,2025-12-11,TRUE,2025-12-11,190,2025-11-19 19:01:15 UTC,2025-12-03 14:28:09 UTC
195,68,Join Zoom Training,Join Zoom Training related to the deliverables of the contract. Must be completed as part of promotional requirements.,50,2025-06-09,FALSE,,127,2025-06-03 19:03:54 UTC,2025-08-07 00:48:50 UTC
196,68,Tweet Brand Mention,Tweet Brand Mention related to the deliverables of the contract. Must be completed as part of promotional requirements.,50,2025-03-10,FALSE,,127,2025-02-21 10:23:10 UTC,2025-09-23 01:48:04 UTC
197,68,Join Zoom Training,Join Zoom Training related to the deliverables of the contract. Must be completed as part of promotional requirements.,50,2025-03-24,TRUE,2025-03-24,127,2025-03-20 04:02:12 UTC,2025-09-27 18:32:12 UTC
198,68,Post Instagram Story,Post Instagram Story related to the deliverables of the contract. Must be completed as part of promotional requirements.,50,2025-08-07,FALSE,,127,2025-07-29 20:21:05 UTC,2025-08-07 16:56:23 UTC
199,69,Post Instagram Story,Post Instagram Story related to the deliverables of the contract. Must be completed as part of promotional requirements.,80,2025-02-24,FALSE,,195,2025-01-29 01:12:23 UTC,2025-02-10 09:42:21 UTC
200,69,Tweet Brand Mention,Tweet Brand Mention related to the deliverables of the contract. Must be completed as part of promotional requirements.,80,2025-11-28,FALSE,,195,2025-11-19 23:40:13 UTC,2025-11-26 10:02:13 UTC
201,70,Tweet Brand Mention,Tweet Brand Mention related to the deliverables of the contract. Must be completed as part of promotional requirements.,50,2025-09-03,TRUE,2025-09-03,196,2025-08-05 08:30:49 UTC,2025-10-12 18:23:06 UTC
202,70,Attend Event,Attend Event related to the deliverables of the contract. Must be completed as part of promotional requirements.,50,2025-11-05,FALSE,,196,2025-10-06 04:17:43 UTC,2025-11-23 17:28:06 UTC
203,71,Post Instagram Story,Post Instagram Story related to the deliverables of the contract. Must be completed as part of promotional requirements.,39,2025-02-11,TRUE,2025-02-11,132,2025-02-02 14:52:46 UTC,2025-07-03 04:04:14 UTC
204,71,Attend Event,Attend Event related to the deliverables of the contract. Must be completed as part of promotional requirements.,39,2025-09-11,FALSE,,132,2025-09-08 12:12:48 UTC,2025-10-07 19:39:28 UTC
205,71,Upload Signed Documents,Upload Signed Documents related to the deliverables of the contract. Must be completed as part of promotional requirements.,39,2025-10-22,TRUE,2025-10-22,132,2025-10-01 02:39:22 UTC,2025-10-22 09:03:47 UTC
206,72,Tweet Brand Mention,Tweet Brand Mention related to the deliverables of the contract. Must be completed as part of promotional requirements.,20,2025-05-29,FALSE,,199,2025-05-27 18:14:01 UTC,2025-12-09 08:01:47 UTC
207,72,Send Brand Content,Send Brand Content related to the deliverables of the contract. Must be completed as part of promotional requirements.,20,2025-09-09,TRUE,2025-09-09,199,2025-08-25 21:34:18 UTC,2025-11-07 04:55:06 UTC
208,72,Publish TikTok Video,Publish TikTok Video related to the deliverables of the contract. Must be completed as part of promotional requirements.,20,2025-05-04,TRUE,2025-05-04,199,2025-04-11 12:47:53 UTC,2025-09-20 01:13:42 UTC
209,72,Create Unboxing Video,Create Unboxing Video related to the deliverables of the contract. Must be completed as part of promotional requirements.,20,2025-12-12,FALSE,,199,2025-11-28 03:53:11 UTC,2025-12-19 18:03:03 UTC
210,73,Attend Event,Attend Event related to the deliverables of the contract. Must be completed as part of promotional requirements.,58,2025-08-09,FALSE,,173,2025-07-11 13:39:35 UTC,2025-10-20 10:01:26 UTC
211,73,Send Brand Content,Send Brand Content related to the deliverables of the contract. Must be completed as part of promotional requirements.,58,2025-04-23,TRUE,2025-04-23,173,2025-04-17 02:29:20 UTC,2025-10-27 10:02:36 UTC
212,74,Upload Signed Documents,Upload Signed Documents related to the deliverables of the contract. Must be completed as part of promotional requirements.,47,2025-08-08,TRUE,2025-08-08,149,2025-07-13 23:41:12 UTC,2025-07-31 03:27:48 UTC
213,74,Upload Signed Documents,Upload Signed Documents related to the deliverables of the contract. Must be completed as part of promotional requirements.,47,2025-04-03,FALSE,,149,2025-03-20 05:58:34 UTC,2025-09-20 22:47:00 UTC
214,75,Review Product Brief,Review Product Brief related to the deliverables of the contract. Must be completed as part of promotional requirements.,92,2025-06-29,TRUE,2025-06-29,133,2025-06-14 15:34:02 UTC,2025-12-21 21:47:26 UTC
215,75,Publish TikTok Video,Publish TikTok Video related to the deliverables of the contract. Must be completed as part of promotional requirements.,92,2025-03-25,FALSE,,133,2025-03-13 14:53:58 UTC,2025-12-16 13:49:34 UTC
216,75,Tweet Brand Mention,Tweet Brand Mention related to the deliverables of the contract. Must be completed as part of promotional requirements.,92,2025-02-07,TRUE,2025-02-07,133,2025-01-16 05:16:29 UTC,2025-07-18 17:07:28 UTC
217,76,Review Product Brief,Review Product Brief related to the deliverables of the contract. Must be completed as part of promotional requirements.,57,2025-07-28,FALSE,,150,2025-07-05 22:23:52 UTC,2025-07-19 01:48:50 UTC
218,76,Join Zoom Training,Join Zoom Training related to the deliverables of the contract. Must be completed as part of promotional requirements.,57,2025-12-09,FALSE,,150,2025-11-24 22:16:02 UTC,2025-12-09 22:52:04 UTC
219,77,Send Brand Content,Send Brand Content related to the deliverables of the contract. Must be completed as part of promotional requirements.,77,2025-03-06,TRUE,2025-03-06,154,2025-02-08 07:27:19 UTC,2025-05-27 07:02:12 UTC
220,77,Upload Signed Documents,Upload Signed Documents related to the deliverables of the contract. Must be completed as part of promotional requirements.,77,2025-08-07,TRUE,2025-08-07,154,2025-07-10 00:15:58 UTC,2025-09-25 10:27:10 UTC
221,78,Post Instagram Story,Post Instagram Story related to the deliverables of the contract. Must be completed as part of promotional requirements.,26,2025-07-20,FALSE,,154,2025-06-26 05:59:56 UTC,2025-10-10 08:50:57 UTC
222,78,Join Zoom Training,Join Zoom Training related to the deliverables of the contract. Must be completed as part of promotional requirements.,26,2026-01-08,FALSE,,154,2025-12-21 05:17:24 UTC,2025-12-29 22:36:45 UTC
223,78,Post Instagram Story,Post Instagram Story related to the deliverables of the contract. Must be completed as part of promotional requirements.,26,2025-07-27,TRUE,2025-07-27,154,2025-07-11 00:50:37 UTC,2025-08-02 17:47:31 UTC
224,79,Join Zoom Training,Join Zoom Training related to the deliverables of the contract. Must be completed as part of promotional requirements.,86,2025-02-13,TRUE,2025-02-13,176,2025-01-30 03:57:45 UTC,2025-08-12 07:35:06 UTC
225,79,Publish TikTok Video,Publish TikTok Video related to the deliverables of the contract. Must be completed as part of promotional requirements.,86,2025-11-04,TRUE,2025-11-04,176,2025-10-22 20:39:04 UTC,2025-12-01 17:29:50 UTC
226,80,Post Instagram Story,Post Instagram Story related to the deliverables of the contract. Must be completed as part of promotional requirements.,28,2025-10-27,FALSE,,194,2025-10-21 07:54:06 UTC,2025-11-13 05:34:08 UTC
227,80,Attend Event,Attend Event related to the deliverables of the contract. Must be completed as part of promotional requirements.,28,2025-09-14,TRUE,2025-09-14,194,2025-08-20 06:57:24 UTC,2025-08-24 01:21:17 UTC
228,80,Join Zoom Training,Join Zoom Training related to the deliverables of the contract. Must be completed as part of promotional requirements.,28,2025-09-25,FALSE,,194,2025-08-29 17:38:53 UTC,2025-10-19 03:24:21 UTC
229,80,Upload Signed Documents,Upload Signed Documents related to the deliverables of the contract. Must be completed as part of promotional requirements.,28,2025-12-02,TRUE,2025-12-02,194,2025-11-11 22:12:02 UTC,2025-12-17 21:58:12 UTC
230,81,Post Instagram Story,Post Instagram Story related to the deliverables of the contract. Must be completed as part of promotional requirements.,76,2025-09-01,TRUE,2025-09-01,140,2025-08-18 17:40:03 UTC,2025-12-20 03:24:02 UTC
231,81,Post Instagram Story,Post Instagram Story related to the deliverables of the contract. Must be completed as part of promotional requirements.,76,2025-01-25,TRUE,2025-01-25,140,2025-01-17 11:55:09 UTC,2025-08-02 05:36:37 UTC
232,82,Send Brand Content,Send Brand Content related to the deliverables of the contract. Must be completed as part of promotional requirements.,3,2025-11-13,FALSE,,127,2025-10-18 12:11:19 UTC,2025-11-12 17:52:29 UTC
233,82,Join Zoom Training,Join Zoom Training related to the deliverables of the contract. Must be completed as part of promotional requirements.,3,2025-11-01,TRUE,2025-11-01,127,2025-10-02 06:36:56 UTC,2025-11-28 05:16:23 UTC
234,82,Review Product Brief,Review Product Brief related to the deliverables of the contract. Must be completed as part of promotional requirements.,3,2025-08-15,FALSE,,127,2025-07-16 07:54:06 UTC,2025-08-03 06:20:55 UTC
235,82,Create Unboxing Video,Create Unboxing Video related to the deliverables of the contract. Must be completed as part of promotional requirements.,3,2025-04-16,TRUE,2025-04-16,127,2025-03-18 14:58:12 UTC,2025-12-19 08:48:15 UTC
236,83,Create Unboxing Video,Create Unboxing Video related to the deliverables of the contract. Must be completed as part of promotional requirements.,74,2025-07-29,FALSE,,133,2025-07-02 13:21:50 UTC,2025-10-14 02:18:52 UTC
237,83,Review Product Brief,Review Product Brief related to the deliverables of the contract. Must be completed as part of promotional requirements.,74,2025-01-11,TRUE,2025-01-11,133,2025-01-04 07:35:10 UTC,2025-08-27 20:56:47 UTC
238,83,Upload Signed Documents,Upload Signed Documents related to the deliverables of the contract. Must be completed as part of promotional requirements.,74,2025-01-26,FALSE,,133,2025-01-07 13:39:39 UTC,2025-08-10 21:03:57 UTC
239,84,Create Unboxing Video,Create Unboxing Video related to the deliverables of the contract. Must be completed as part of promotional requirements.,84,2025-07-03,FALSE,,191,2025-06-12 04:13:23 UTC,2025-06-17 11:45:40 UTC
240,84,Tweet Brand Mention,Tweet Brand Mention related to the deliverables of the contract. Must be completed as part of promotional requirements.,84,2025-04-27,TRUE,2025-04-27,191,2025-04-20 10:59:14 UTC,2025-12-15 14:06:15 UTC
241,85,Create Unboxing Video,Create Unboxing Video related to the deliverables of the contract. Must be completed as part of promotional requirements.,46,2025-12-01,FALSE,,177,2025-11-23 11:50:47 UTC,2025-12-12 17:32:18 UTC
242,85,Post Instagram Story,Post Instagram Story related to the deliverables of the contract. Must be completed as part of promotional requirements.,46,2025-03-19,FALSE,,177,2025-03-09 17:41:26 UTC,2025-04-12 17:48:05 UTC
243,86,Review Product Brief,Review Product Brief related to the deliverables of the contract. Must be completed as part of promotional requirements.,46,2025-05-10,FALSE,,102,2025-04-12 18:44:44 UTC,2025-06-24 17:37:22 UTC
244,86,Review Product Brief,Review Product Brief related to the deliverables of the contract. Must be completed as part of promotional requirements.,46,2025-04-03,FALSE,,102,2025-03-11 06:44:04 UTC,2025-08-24 21:25:22 UTC
245,86,Upload Signed Documents,Upload Signed Documents related to the deliverables of the contract. Must be completed as part of promotional requirements.,46,2025-09-08,FALSE,,102,2025-08-19 17:32:30 UTC,2025-12-05 00:00:11 UTC
246,86,Send Brand Content,Send Brand Content related to the deliverables of the contract. Must be completed as part of promotional requirements.,46,2025-06-01,TRUE,2025-06-01,102,2025-05-16 15:16:22 UTC,2025-10-31 07:11:42 UTC
247,87,Publish TikTok Video,Publish TikTok Video related to the deliverables of the contract. Must be completed as part of promotional requirements.,56,2025-07-11,FALSE,,185,2025-06-25 22:47:12 UTC,2025-07-09 10:33:32 UTC
248,87,Publish TikTok Video,Publish TikTok Video related to the deliverables of the contract. Must be completed as part of promotional requirements.,56,2025-02-25,FALSE,,185,2025-02-04 03:24:14 UTC,2025-11-05 13:43:03 UTC
249,87,Create Unboxing Video,Create Unboxing Video related to the deliverables of the contract. Must be completed as part of promotional requirements.,56,2025-06-28,FALSE,,185,2025-06-24 23:50:46 UTC,2025-12-08 16:24:56 UTC
250,88,Publish TikTok Video,Publish TikTok Video related to the deliverables of the contract. Must be completed as part of promotional requirements.,83,2025-12-15,FALSE,,183,2025-11-27 15:00:54 UTC,2025-12-01 05:30:58 UTC
251,88,Post Instagram Story,Post Instagram Story related to the deliverables of the contract. Must be completed as part of promotional requirements.,83,2025-07-18,FALSE,,183,2025-07-01 00:50:11 UTC,2025-11-30 17:57:39 UTC
252,88,Send Brand Content,Send Brand Content related to the deliverables of the contract. Must be completed as part of promotional requirements.,83,2026-01-12,TRUE,2026-01-12,183,2025-12-17 02:08:46 UTC,2025-12-22 20:53:30 UTC
253,88,Join Zoom Training,Join Zoom Training related to the deliverables of the contract. Must be completed as part of promotional requirements.,83,2025-04-26,TRUE,2025-04-26,183,2025-04-22 04:10:44 UTC,2025-08-30 18:55:14 UTC
254,89,Upload Signed Documents,Upload Signed Documents related to the deliverables of the contract. Must be completed as part of promotional requirements.,84,2025-07-10,TRUE,2025-07-10,150,2025-06-23 01:51:29 UTC,2025-10-17 07:17:47 UTC
255,89,Create Unboxing Video,Create Unboxing Video related to the deliverables of the contract. Must be completed as part of promotional requirements.,84,2025-06-02,TRUE,2025-06-02,150,2025-05-09 17:33:19 UTC,2025-07-19 15:53:27 UTC
256,89,Review Product Brief,Review Product Brief related to the deliverables of the contract. Must be completed as part of promotional requirements.,84,2025-04-18,TRUE,2025-04-18,150,2025-03-25 08:58:37 UTC,2025-07-07 02:50:33 UTC
257,90,Review Product Brief,Review Product Brief related to the deliverables of the contract. Must be completed as part of promotional requirements.,4,2025-07-01,TRUE,2025-07-01,117,2025-06-26 06:51:34 UTC,2025-11-20 18:43:36 UTC
258,90,Create Unboxing Video,Create Unboxing Video related to the deliverables of the contract. Must be completed as part of promotional requirements.,4,2025-05-08,TRUE,2025-05-08,117,2025-04-10 07:29:01 UTC,2025-07-26 21:21:52 UTC
259,91,Review Product Brief,Review Product Brief related to the deliverables of the contract. Must be completed as part of promotional requirements.,87,2025-12-06,FALSE,,127,2025-11-11 02:53:46 UTC,2025-12-29 06:22:20 UTC
260,91,Send Brand Content,Send Brand Content related to the deliverables of the contract. Must be completed as part of promotional requirements.,87,2025-01-30,FALSE,,127,2025-01-15 01:59:07 UTC,2025-07-13 05:09:39 UTC
261,91,Review Product Brief,Review Product Brief related to the deliverables of the contract. Must be completed as part of promotional requirements.,87,2025-10-02,FALSE,,127,2025-09-10 13:43:00 UTC,2025-10-16 21:49:06 UTC
262,92,Tweet Brand Mention,Tweet Brand Mention related to the deliverables of the contract. Must be completed as part of promotional requirements.,94,2025-11-21,TRUE,2025-11-21,153,2025-11-17 11:48:51 UTC,2025-12-14 01:15:17 UTC
263,92,Publish TikTok Video,Publish TikTok Video related to the deliverables of the contract. Must be completed as part of promotional requirements.,94,2025-11-21,FALSE,,153,2025-11-09 21:20:51 UTC,2025-12-05 16:31:41 UTC
264,92,Join Zoom Training,Join Zoom Training related to the deliverables of the contract. Must be completed as part of promotional requirements.,94,2025-03-21,FALSE,,153,2025-03-18 04:58:37 UTC,2025-04-26 10:33:40 UTC
265,92,Post Instagram Story,Post Instagram Story related to the deliverables of the contract. Must be completed as part of promotional requirements.,94,2026-01-07,FALSE,,153,2025-12-21 23:30:30 UTC,2025-12-26 23:20:56 UTC
266,93,Create Unboxing Video,Create Unboxing Video related to the deliverables of the contract. Must be completed as part of promotional requirements.,43,2025-11-06,FALSE,,103,2025-10-14 12:41:23 UTC,2025-10-29 07:00:29 UTC
267,93,Post Instagram Story,Post Instagram Story related to the deliverables of the contract. Must be completed as part of promotional requirements.,43,2025-04-28,FALSE,,103,2025-04-14 19:46:17 UTC,2025-11-11 20:31:27 UTC
268,93,Join Zoom Training,Join Zoom Training related to the deliverables of the contract. Must be completed as part of promotional requirements.,43,2025-11-11,FALSE,,103,2025-10-14 08:53:11 UTC,2025-10-28 11:48:38 UTC
269,93,Create Unboxing Video,Create Unboxing Video related to the deliverables of the contract. Must be completed as part of promotional requirements.,43,2025-10-16,FALSE,,103,2025-09-30 11:09:32 UTC,2025-12-23 18:57:52 UTC
270,94,Review Product Brief,Review Product Brief related to the deliverables of the contract. Must be completed as part of promotional requirements.,15,2025-09-28,TRUE,2025-09-28,101,2025-09-24 19:41:46 UTC,2025-11-25 08:57:25 UTC
271,94,Upload Signed Documents,Upload Signed Documents related to the deliverables of the contract. Must be completed as part of promotional requirements.,15,2025-07-06,TRUE,2025-07-06,101,2025-06-27 16:43:25 UTC,2025-08-06 12:06:03 UTC
272,95,Publish TikTok Video,Publish TikTok Video related to the deliverables of the contract. Must be completed as part of promotional requirements.,17,2025-04-20,TRUE,2025-04-20,106,2025-04-03 17:58:44 UTC,2025-09-06 17:09:38 UTC
273,95,Attend Event,Attend Event related to the deliverables of the contract. Must be completed as part of promotional requirements.,17,2025-11-30,TRUE,2025-11-30,106,2025-10-31 02:33:46 UTC,2025-12-14 11:20:05 UTC
274,96,Post Instagram Story,Post Instagram Story related to the deliverables of the contract. Must be completed as part of promotional requirements.,68,2025-03-17,FALSE,,178,2025-03-03 18:49:28 UTC,2025-09-01 07:03:03 UTC
275,96,Send Brand Content,Send Brand Content related to the deliverables of the contract. Must be completed as part of promotional requirements.,68,2025-03-18,TRUE,2025-03-18,178,2025-02-27 14:57:51 UTC,2025-11-04 12:56:52 UTC
276,96,Publish TikTok Video,Publish TikTok Video related to the deliverables of the contract. Must be completed as part of promotional requirements.,68,2025-06-21,TRUE,2025-06-21,178,2025-06-05 01:06:08 UTC,2025-09-01 20:42:28 UTC
277,97,Join Zoom Training,Join Zoom Training related to the deliverables of the contract. Must be completed as part of promotional requirements.,20,2025-06-05,TRUE,2025-06-05,166,2025-06-03 03:44:22 UTC,2025-11-08 17:15:53 UTC
278,97,Review Product Brief,Review Product Brief related to the deliverables of the contract. Must be completed as part of promotional requirements.,20,2025-12-14,FALSE,,166,2025-12-06 06:37:57 UTC,2025-12-18 00:01:09 UTC
279,97,Upload Signed Documents,Upload Signed Documents related to the deliverables of the contract. Must be completed as part of promotional requirements.,20,2025-12-17,FALSE,,166,2025-11-17 19:35:25 UTC,2025-11-19 09:09:24 UTC
280,97,Publish TikTok Video,Publish TikTok Video related to the deliverables of the contract. Must be completed as part of promotional requirements.,20,2025-05-09,FALSE,,166,2025-04-15 16:38:47 UTC,2025-11-16 13:15:18 UTC
281,98,Create Unboxing Video,Create Unboxing Video related to the deliverables of the contract. Must be completed as part of promotional requirements.,33,2025-09-04,TRUE,2025-09-04,114,2025-09-02 06:56:13 UTC,2025-09-24 00:25:16 UTC
282,98,Post Instagram Story,Post Instagram Story related to the deliverables of the contract. Must be completed as part of promotional requirements.,33,2025-09-17,TRUE,2025-09-17,114,2025-09-11 00:02:48 UTC,2025-10-02 03:50:54 UTC
283,98,Tweet Brand Mention,Tweet Brand Mention related to the deliverables of the contract. Must be completed as part of promotional requirements.,33,2026-01-04,TRUE,2026-01-04,114,2025-12-18 04:25:13 UTC,2025-12-25 11:18:07 UTC
284,99,Create Unboxing Video,Create Unboxing Video related to the deliverables of the contract. Must be completed as part of promotional requirements.,35,2025-04-10,TRUE,2025-04-10,111,2025-03-24 04:20:08 UTC,2025-10-26 16:32:49 UTC
285,99,Publish TikTok Video,Publish TikTok Video related to the deliverables of the contract. Must be completed as part of promotional requirements.,35,2025-02-17,TRUE,2025-02-17,111,2025-01-31 04:02:58 UTC,2025-03-29 11:17:59 UTC
286,100,Join Zoom Training,Join Zoom Training related to the deliverables of the contract. Must be completed as part of promotional requirements.,89,2025-03-15,TRUE,2025-03-15,131,2025-02-13 22:31:40 UTC,2025-03-26 22:52:17 UTC
287,100,Review Product Brief,Review Product Brief related to the deliverables of the contract. Must be completed as part of promotional requirements.,89,2025-09-14,FALSE,,131,2025-08-23 21:08:21 UTC,2025-10-01 08:23:46 UTC